Date,WC (m3/d),Max Temp (C),Min Temp (C),Mean Temp (C),Total Precip (mm),Population
1/1/2011,35668.34,7.5,1.6,4.55,1.8,76445
1/2/2011,37427.86,8.4,-2.6,2.9,1.6,
1/3/2011,36471.84,-1.2,-6.1,-3.65,0.2,
1/4/2011,35633.05,-3.4,-9.3,-6.35,1.4,
1/5/2011,35587.29,-3.4,-9,-6.2,0.3,
1/6/2011,35533.76,-5,-11.3,-8.15,0.2,
1/7/2011,35032.56,-4,-8,-6,0.5,
1/8/2011,35298.87,-3.1,-9,-6.05,0.2,
1/9/2011,36082.81,-2.8,-8.9,-5.85,1.4,
1/10/2011,36628.83,-6.9,-9.7,-8.3,0,
1/11/2011,35207.75,-6.9,-8.8,-7.85,0,
1/12/2011,34264.88,-4.4,-9.2,-6.8,0,
1/13/2011,35373.78,-6.1,-9.5,-7.8,0,
1/14/2011,35390.07,-6.8,-11.2,-9,0,
1/15/2011,35981.64,-7.8,-14.9,-11.35,4,
1/16/2011,37186.67,-9.7,-19,-14.35,0.8,
1/17/2011,35703.03,-13.7,-23.4,-18.55,0.6,
1/18/2011,35364.59,0.1,-15.4,-7.65,1.8,
1/19/2011,35276.91,-3.9,-10.2,-7.05,0,
1/20/2011,35665.76,-9.6,-12.4,-11,0,
1/21/2011,36009.33,-8.2,-15.7,-11.95,1.5,
1/22/2011,36606.89,-13.2,-19.2,-16.2,0.2,
1/23/2011,36695.81,-16.6,-25.8,-21.2,0,
1/24/2011,36280.74,-16.9,-27.9,-22.4,0.2,
1/25/2011,35271.05,-12.5,-18.3,-15.4,0.6,
1/26/2011,36255.07,-7.2,-17.7,-12.45,0.3,
1/27/2011,36615.08,-3.1,-8.7,-5.9,0,
1/28/2011,35441.79,-1.7,-6.9,-4.3,0.8,
1/29/2011,36809.91,-4.4,-11.5,-7.95,2.3,
1/30/2011,37130.4,-8.5,-16.4,-12.45,0.5,
1/31/2011,36048,-15.2,-20.9,-18.05,0,
2/1/2011,35241.28,-11.8,-16.4,-14.1,0.8,
2/2/2011,34778.22,-10.6,-13.1,-11.85,10.5,
2/3/2011,35224.29,-5.7,-15.2,-10.45,0.2,
2/4/2011,35446.93,-3.1,-10,-6.55,0,
2/5/2011,36002.44,1.3,-6.5,-2.6,7.1,
2/6/2011,37096.53,1.2,-3.6,-1.2,1.9,
2/7/2011,36358.51,1.5,-0.8,0.35,2.1,
2/8/2011,35353.4,-0.3,-17.2,-8.75,2.8,
2/9/2011,35680.11,-5,-16.9,-10.95,0,
2/10/2011,35301.97,-9.1,-14.9,-12,0,
2/11/2011,35209.31,-5.7,-12.4,-9.05,0,
2/12/2011,34887.01,-1.7,-12.5,-7.1,1.3,
2/13/2011,36451.46,-2.6,-14.9,-8.75,8.3,
2/14/2011,36748.21,1.4,-10.4,-4.5,5.5,
2/15/2011,35920.12,-10.3,-19,-14.65,0.2,
2/16/2011,34755.4,-4.3,-15.1,-9.7,,
2/17/2011,34999.8,6.8,-4.5,1.15,0.9,
2/18/2011,35614.86,9.6,0,4.8,5.3,
2/19/2011,36451.66,0.8,-11.6,-5.4,0,
2/20/2011,36833.48,-8.3,-14.1,-11.2,0.2,
2/21/2011,36231.72,-9,-15.7,-12.35,0.2,
2/22/2011,36297.01,-5.8,-17.5,-11.65,0,
2/23/2011,35948.39,-3.4,-16.1,-9.75,0,
2/24/2011,36231.55,-1.9,-11.8,-6.85,0,
2/25/2011,34857.95,-2.5,-9.3,-5.9,1.7,
2/26/2011,36602.74,-8.9,-14.1,-11.5,0,
2/27/2011,37058.35,-4.6,-12.7,-8.65,1.1,
2/28/2011,36398.59,1.4,-6.1,-2.35,11,
3/1/2011,35402.31,-2.9,-10.2,-6.55,0,
3/2/2011,35653.04,2.1,-15.9,-6.9,0.4,
3/3/2011,36070.53,-10.1,-20.4,-15.25,0,
3/4/2011,36656.97,1.5,-15.5,-7,0,
3/5/2011,36163.24,5.9,0.7,3.3,25.9,
3/6/2011,36611.16,5.6,-6.6,-0.5,18.2,
3/7/2011,36044.1,-3,-15.4,-9.2,7.7,
3/8/2011,35284.82,-3.2,-18.8,-11,0.2,
3/9/2011,34522.41,-1,-12.5,-6.75,3.7,
3/10/2011,34733.62,3.1,-1.9,0.6,33,
3/11/2011,34640,6.2,1.5,3.85,7.2,
3/12/2011,36468.63,3.1,0.4,1.75,0.2,
3/13/2011,29789.43,3.8,-1.9,0.95,0.2,
3/14/2011,,2.2,-4.7,-1.25,0.2,
3/15/2011,38231.9,3.9,-6.6,-1.35,0,
3/16/2011,35165.8,3.7,-0.6,1.55,3.6,
3/17/2011,35094.67,7.9,1.8,4.85,5,
3/18/2011,35518.35,11.2,-1.4,4.9,1,
3/19/2011,35925.19,2,-4.2,-1.1,0,
3/20/2011,36288.17,4,-6.7,-1.35,0,
3/21/2011,35667.3,3,0.1,1.55,7.3,
3/22/2011,35659.93,5,-5.6,-0.3,0,
3/23/2011,34990.83,-0.2,-8.6,-4.4,0.2,
3/24/2011,43008.93,1.1,-6.5,-2.7,0,
3/25/2011,43535.22,-1.6,-6.5,-4.05,0,
3/26/2011,44520.43,0.4,-7.1,-3.35,0,
3/27/2011,44451.16,-1.2,-9.7,-5.45,0,
3/28/2011,43870.91,0.7,-5.5,-2.4,0,
3/29/2011,44165.56,5.3,-2.8,1.25,0,
3/30/2011,42778.57,8.4,-4.5,1.95,0,
3/31/2011,43728.27,9.5,-1.6,3.95,0,
4/1/2011,42417.65,5.5,0.8,3.15,0.4,
4/2/2011,43834.43,11.6,-0.4,5.6,0,
4/3/2011,42117.28,10.2,1.1,5.65,0,
4/4/2011,43488.18,8.4,1,4.7,9,
4/5/2011,43238.41,9.5,-0.3,4.6,2.4,
4/6/2011,43420.54,5.8,-2.9,1.45,0,
4/7/2011,43689.43,7.6,-4.1,1.75,0,
4/8/2011,43436.63,11.9,-4.1,3.9,0,
4/9/2011,44559.65,15.2,2.5,8.85,0,
4/10/2011,44317.43,16.4,4.2,10.3,7.2,
4/11/2011,43233.55,23.6,8.7,16.15,8.3,
4/12/2011,43344.79,13.4,3.3,8.35,0,
4/13/2011,43009.89,9.4,4.1,6.75,6.1,
4/14/2011,43520.91,10.4,-1.3,4.55,0.2,
4/15/2011,43552.19,3.7,-4.3,-0.3,0,
4/16/2011,43801.6,6.2,-1.3,2.45,23.4,
4/17/2011,43930.69,8.7,0.9,4.8,14.3,
4/18/2011,43380.67,5.2,1.1,3.15,0,
4/19/2011,43767.62,8.7,-2.2,3.25,0,
4/20/2011,43968.23,7.4,0.4,3.9,20.8,
4/21/2011,43729.7,6.8,-0.3,3.25,0.6,
4/22/2011,44711.46,12,-1.3,5.35,0,
4/23/2011,44277.36,12.9,3.1,8,2.4,
4/24/2011,43969.24,13.5,5.7,9.6,0,
4/25/2011,44920.76,16.4,3.8,10.1,0,
4/26/2011,43500.4,13.4,7.3,10.35,10.3,
4/27/2011,43623.02,15,6.3,10.65,8.2,
4/28/2011,44017.46,23.5,8.4,15.95,6.3,
4/29/2011,43735.64,14.3,7.6,10.95,0,
4/30/2011,44847.81,17.2,3.3,10.25,0,
5/1/2011,47323.56,20.7,4.9,12.8,0,
5/2/2011,44196.04,18.6,9.2,13.9,0.2,
5/3/2011,44189.5,11.6,7.8,9.7,22,
5/4/2011,42923.89,8.4,6,7.2,5.9,
5/5/2011,44218.6,7.6,4.5,6.05,8,
5/6/2011,45014.21,16.8,4.5,10.65,0,
5/7/2011,44761.9,16.7,5.3,11,0,
5/8/2011,45289.65,16.4,8.6,12.5,0,
5/9/2011,45275.87,18.7,8.7,13.7,0,
5/10/2011,46215.26,17.3,6.7,12,0.2,
5/11/2011,36164.43,19.6,6.4,13,0,
5/12/2011,30181.27,21,7,14,0,
5/13/2011,28855.65,25.2,8.8,17,0.5,
5/14/2011,30526.51,12.7,10.5,11.6,25.4,
5/15/2011,29013.86,12.6,7.3,9.95,11.8,
5/16/2011,27608.09,7.6,6.1,6.85,13.5,
5/17/2011,27873,12.1,5.9,9,0.4,
5/18/2011,27425.14,17.6,8.7,13.15,0.2,
5/19/2011,29131.53,23.9,15,19.45,0.7,
5/20/2011,31462.2,23.6,14.5,19.05,0,
5/21/2011,32791.5,23.9,12.5,18.2,1.4,
5/22/2011,32618.14,23.4,9.7,16.55,5.1,
5/23/2011,32160.14,22.5,15,18.75,2.1,
5/24/2011,29942.28,23.5,10.1,16.8,0.4,
5/25/2011,17113.12,18.5,9.6,14.05,0,
5/26/2011,29176.48,19.9,11.1,15.5,4.4,
5/27/2011,33965.32,12,10,11,11,
5/28/2011,34728.22,21.4,10,15.7,6.1,
5/29/2011,31605.7,21,16,18.5,5.9,
5/30/2011,33180.63,26.3,16.2,21.25,0.2,
5/31/2011,35926.55,28.8,17.9,23.35,,
6/1/2011,33989.46,29.3,16.6,22.95,0,
6/2/2011,31895.5,17.3,9.5,13.4,0,
6/3/2011,34144.85,21.7,8.2,14.95,0,
6/4/2011,36911.74,21.3,8,14.65,0,
6/5/2011,38096.55,22.5,13.6,18.05,0,
6/6/2011,36453.17,26.9,13.6,20.25,0,
6/7/2011,37625.17,29.1,16.3,22.7,0,
6/8/2011,36314.71,31.4,19.9,25.65,10.5,
6/9/2011,33680.18,27.8,17.6,22.7,0.4,
6/10/2011,35470.2,22.3,14.2,18.25,0,
6/11/2011,34792.27,21.5,14.2,17.85,0,
6/12/2011,31697.85,19.3,13.7,16.5,30,
6/13/2011,31140.63,15.1,12.5,13.8,9.4,
6/14/2011,34109.43,23.5,11.1,17.3,0,
6/15/2011,34914,28.1,13.8,20.95,0,
6/16/2011,38020.32,30.3,17.3,23.8,0,
6/17/2011,38071.92,26.3,17.7,22,0,
6/18/2011,36524.98,26.1,14.2,20.15,4.4,
6/19/2011,38047.72,24.2,10.1,17.15,0,
6/20/2011,38626.23,24.8,12.3,18.55,0,
6/21/2011,38503.4,27,13.4,20.2,0.6,
6/22/2011,39776.41,26.9,15,20.95,0,
6/23/2011,35328.17,23.5,17.8,20.65,5.2,
6/24/2011,31202.09,19.4,16.1,17.75,14.9,
6/25/2011,30928.1,21.7,15.2,18.45,10.2,
6/26/2011,32385.65,24.7,17.3,21,0,
6/27/2011,35853.13,26.8,14.9,20.85,0,
6/28/2011,34881.34,28,17.9,22.95,0.2,
6/29/2011,34191.81,20,14.6,17.3,0.3,
6/30/2011,33880.59,20.8,14.6,17.7,0.7,
7/1/2011,38501.9,25.9,14,19.95,0,
7/2/2011,36066.14,29.4,18.5,23.95,0,
7/3/2011,37695.29,30.7,20.2,25.45,15.5,
7/4/2011,38127.68,29.8,19.1,24.45,0,
7/5/2011,38489.68,30.1,18.3,24.2,0,
7/6/2011,36946.57,25.5,17,21.25,2.2,
7/7/2011,37258.91,24.3,15.1,19.7,0,
7/8/2011,38544.06,27.4,15.4,21.4,7.8,
7/9/2011,36193.71,25.8,14.5,20.15,0,
7/10/2011,37726.82,27.9,17.8,22.85,0,
7/11/2011,35835.28,30.2,20.2,25.2,1.2,
7/12/2011,37419.25,29.6,18.8,24.2,0,
7/13/2011,38144.06,23.7,14.7,19.2,13.4,
7/14/2011,40108.15,26.5,12.5,19.5,0,
7/15/2011,41458.31,28.2,13,20.6,0.2,
7/16/2011,41743.5,30,17.7,23.85,0,
7/17/2011,42676.77,31.7,21.1,26.4,0.3,
7/18/2011,37363.43,28.8,19.8,24.3,0.3,
7/19/2011,37277.37,27.9,18.2,23.05,0,
7/20/2011,39428.95,31.5,18.3,24.9,0,
7/21/2011,39882.73,35.6,24.4,30,5.8,
7/22/2011,38605.05,31.9,24.8,28.35,0,
7/23/2011,39685.86,32.6,18.7,25.65,0,
7/24/2011,39317.11,26.9,16.5,21.7,0,
7/25/2011,36352.04,26.6,15.1,20.85,1.1,
7/26/2011,34090.7,27.1,16.5,21.8,4.4,
7/27/2011,37333.52,25.8,15.9,20.85,0,
7/28/2011,39627.71,29.7,17.1,23.4,0,
7/29/2011,38226.36,26.6,19.3,22.95,4.3,
7/30/2011,37827.57,28.1,17,22.55,0,
7/31/2011,38843.56,27.9,14.6,21.25,0,
8/1/2011,36366.02,30.9,17.6,24.25,25.5,
8/2/2011,32474.83,25.2,16.4,20.8,1.8,
8/3/2011,31663.86,24.8,15.8,20.3,0,
8/4/2011,34872.95,26,17.5,21.75,0,
8/5/2011,37240,28.7,17.2,22.95,0.2,
8/6/2011,36437.39,30.8,18,24.4,1.3,
8/7/2011,35274.26,29.1,21.1,25.1,3.1,
8/8/2011,36490.91,27.8,17.8,22.8,0.5,
8/9/2011,36691.51,27.1,16.3,21.7,39.5,
8/10/2011,32445.17,26.1,18,22.05,7.9,
8/11/2011,34237.54,22.2,16.2,19.2,0,
8/12/2011,35194.25,26.1,14.9,20.5,0,
8/13/2011,36241.04,28.3,18.4,23.35,0,
8/14/2011,35874.72,27,18.8,22.9,21.5,
8/15/2011,34823.04,22.6,18.6,20.6,0,
8/16/2011,36205.58,27,14.2,20.6,10.4,
8/17/2011,37618.42,25.3,11.1,18.2,0,
8/18/2011,37083.96,28.4,17.6,23,1.2,
8/19/2011,38412.81,27.9,18.2,23.05,0.3,
8/20/2011,37977.42,29.1,18.4,23.75,0,
8/21/2011,33936.45,22.6,16.6,19.6,37.4,
8/22/2011,35050.33,21.9,13.7,17.8,2.2,
8/23/2011,34682.66,22.3,12.4,17.35,0.2,
8/24/2011,34213.35,26.8,16.5,21.65,0,
8/25/2011,31689.88,24.2,18.2,21.2,7.8,
8/26/2011,36289.42,21.6,16.4,19,0,
8/27/2011,35971.1,25.5,14.6,20.05,0,
8/28/2011,34191.37,20.5,13.1,16.8,51.4,
8/29/2011,32869.48,22.6,12.6,17.6,1.6,
8/30/2011,33066.75,24.3,15.2,19.75,0,
8/31/2011,34732.91,23.2,14.4,18.8,0,
9/1/2011,36899.24,25.8,14.1,19.95,0,
9/2/2011,35689.75,26.9,19.7,23.3,0,
9/3/2011,34206.61,29.5,21.1,25.3,0,
9/4/2011,34698.63,27.8,19.2,23.5,15,
9/5/2011,34297.95,21.5,14.6,18.05,11,
9/6/2011,32739.76,20.1,13.5,16.8,3.4,
9/7/2011,33292.37,17.8,12.7,15.25,0,
9/8/2011,34757.73,23,15.4,19.2,0,
9/9/2011,33987.22,25.9,13.5,19.7,0.2,
9/10/2011,35765.05,20,10.6,15.3,0.6,
9/11/2011,34740.8,21.3,9.3,15.3,0,
9/12/2011,35882.89,25.4,17.1,21.25,6.6,
9/13/2011,32990.73,26.9,16.4,21.65,23.1,
9/14/2011,32102.05,19.8,13.1,16.45,0.2,
9/15/2011,31794.02,15.9,6.9,11.4,7.6,
9/16/2011,32341.55,13.8,6.3,10.05,0,
9/17/2011,32946.86,17,5.8,11.4,0,
9/18/2011,34014.07,19.2,5.9,12.55,0,
9/19/2011,32449.44,19.7,8.5,14.1,0,
9/20/2011,31006.64,21.5,12.2,16.85,10,
9/21/2011,31566.44,22.4,10.8,16.6,0,
9/22/2011,32847.26,22.4,16.9,19.65,0,
9/23/2011,33670.37,23.3,13.7,18.5,0.2,
9/24/2011,32652.7,25.2,17.9,21.55,0.3,
9/25/2011,33665.09,23.5,14.4,18.95,0,
9/26/2011,33473.16,25.2,11.1,18.15,0.6,
9/27/2011,32350.82,25.4,13.2,19.3,0,
9/28/2011,30536.34,23.5,13.1,18.3,0.9,
9/29/2011,32111.12,20.1,15.3,17.7,24.3,
9/30/2011,30748.51,20.4,10.4,15.4,0,
10/1/2011,31461.96,10.5,6.6,8.55,6.8,
10/2/2011,29324.41,10.6,7.5,9.05,14.4,
10/3/2011,30615.01,12.7,9.7,11.2,1.7,
10/4/2011,30610.22,14.6,10.8,12.7,0.4,
10/5/2011,29304.29,15.3,2.9,9.1,0.2,
10/6/2011,30021.02,13.2,0.8,7,0,
10/7/2011,30849.36,18.6,2.9,10.75,0,
10/8/2011,28817.36,24.2,11.9,18.05,0,
10/9/2011,32215.02,24.4,14.1,19.25,0.2,
10/10/2011,31427.22,23.5,8.9,16.2,0,
10/11/2011,29739.29,17.6,7.5,12.55,,
10/12/2011,29988.85,18,7.6,12.8,0,
10/13/2011,28605.74,17.8,12.4,15.1,0,
10/14/2011,30671.61,20.7,14.1,17.4,25.2,
10/15/2011,29746.45,14.3,9.3,11.8,9.4,
10/16/2011,28733.6,13.8,8.6,11.2,0.8,
10/17/2011,30715.26,11.5,7,9.25,0.3,
10/18/2011,27842.23,13,6.9,9.95,0,
10/19/2011,28623.58,14.1,8.2,11.15,0.4,
10/20/2011,27576.72,14.1,9.3,11.7,21.9,
10/21/2011,28601.67,12.6,8.5,10.55,1.2,
10/22/2011,27959.46,10.3,3.9,7.1,0,
10/23/2011,28628.02,10,3.2,6.6,0,
10/24/2011,27040.21,15.9,3.9,9.9,3.1,
10/25/2011,25099.64,10.2,2.8,6.5,,
10/26/2011,26357.92,9.1,1.7,5.4,0,
10/27/2011,28003.77,4.9,-0.3,2.3,0,
10/28/2011,27854.99,6.9,-2.7,2.1,0,
10/29/2011,28384.05,5.5,-3.9,0.8,0,
10/30/2011,31392.63,9.5,0.2,4.85,0,
10/31/2011,24705.45,11.7,0.3,6,0,
11/1/2011,29975.84,11.4,2.6,7,0.2,
11/2/2011,30025.98,15.6,1.6,8.6,,
11/3/2011,29876.68,13.4,0,6.7,,
11/4/2011,28790.21,6.6,-2.3,2.15,,
11/5/2011,29817.01,6.9,-2.5,2.2,,
11/6/2011,30010.42,12.2,-2,5.1,,
11/7/2011,28318.6,14.7,1.8,8.25,,
11/8/2011,29908.51,14.2,6.2,10.2,,
11/9/2011,27944.65,15.6,5.5,10.55,0,
11/10/2011,27669.35,12.8,5.2,9,6.2,
11/11/2011,28680.81,7.1,1.2,4.15,0.3,
11/12/2011,28644.94,8.8,0.8,4.8,0,
11/13/2011,29679.82,12.8,1.9,7.35,0,
11/14/2011,29742.07,18.6,9.7,14.15,4.8,
11/15/2011,29275.92,11.9,3.8,7.85,2.1,
11/16/2011,28446.1,13.4,3.7,8.55,0,
11/17/2011,28184.29,5.5,-1,2.25,0,
11/18/2011,23060.01,3.8,-1.7,1.05,0,
11/19/2011,22708.71,10.1,0.4,5.25,0,
11/20/2011,23251.32,13,-1.9,5.55,0.5,
11/21/2011,22109.96,0.4,-6.6,-3.1,0.2,
11/22/2011,21506.31,1,-8.3,-3.65,0,
11/23/2011,18556.35,-0.5,-2.9,-1.7,6,
11/24/2011,20899.66,4.8,-4.1,0.35,0.3,
11/25/2011,21819.44,9.8,3.6,6.7,0,
11/26/2011,22583.91,9.5,2.5,6,0,
11/27/2011,24487,13.5,2.6,8.05,0,
11/28/2011,22246.11,13,1.2,7.1,3.1,
11/29/2011,21808.98,5,1.9,3.45,12.9,
11/30/2011,21067.71,8.6,-1.1,3.75,8.5,
12/1/2011,22453.05,-0.7,-5.2,-2.95,0.4,
12/2/2011,20293.71,4,-3,0.5,0.2,
12/3/2011,22889.52,1.5,-5.4,-1.95,0.2,
12/4/2011,23048.87,9.1,-1.3,3.9,1.8,
12/5/2011,23692.44,8.8,5.2,7,15.1,
12/6/2011,21263.46,5.2,0,2.6,5,
12/7/2011,20507.8,2,-0.7,0.65,0.6,
12/8/2011,20689.5,2.7,-2.8,-0.05,0,
12/9/2011,18561.13,3.4,-0.2,1.6,2.8,
12/10/2011,25387.1,0.1,-5.3,-2.6,0.4,
12/11/2011,23362.58,1.8,-5,-1.6,0,
12/12/2011,26232.89,5.5,-1.1,2.2,0,
12/13/2011,28910.92,1.5,-1.1,0.2,0,
12/14/2011,27156.97,3.3,0.6,1.95,0.8,
12/15/2011,28785,10.9,3.2,7.05,38.5,
12/16/2011,28430.98,9.1,-3.8,2.65,0,
12/17/2011,29213.58,-3.6,-10.2,-6.9,0.2,
12/18/2011,30778.61,-5.8,-12,-8.9,0.2,
12/19/2011,28430.71,5.7,-6.1,-0.2,0,
12/20/2011,25684.24,-1.6,-8.3,-4.95,0,
12/21/2011,32941.98,-0.1,-8.5,-4.3,5.3,
12/22/2011,29440.83,3.8,-0.2,1.8,8.1,
12/23/2011,30013.99,0.4,-14.2,-6.9,3.6,
12/24/2011,27057.77,-13,-16.9,-14.95,0.2,
12/25/2011,30220.77,-6.4,-15.2,-10.8,3.1,
12/26/2011,29296.2,1.2,-10.8,-4.8,0,
12/27/2011,29708.53,2.6,-2.5,0.05,14,
12/28/2011,29456.54,2.6,-14.6,-6,1.7,
12/29/2011,30103.23,-14.4,-18.5,-16.45,0.2,
12/30/2011,30752.23,-7.8,-17.4,-12.6,0.4,
12/31/2011,30052.93,-1.8,-7.8,-4.8,0.6,
1/1/2012,29434.02,5.8,-1.8,2,2,79273
1/2/2012,30814.28,4.6,-9.7,-2.55,0,
1/3/2012,30060.75,-9.7,-17.9,-13.8,0,
1/4/2012,29388.67,-7.3,-18.8,-13.05,0.4,
1/5/2012,28946.83,-4.1,-10.2,-7.15,0.4,
1/6/2012,28732.43,-8.4,-12.7,-10.55,1.4,
1/7/2012,28830.42,0.8,-8.5,-3.85,1.1,
1/8/2012,29325.06,-0.6,-9.9,-5.25,0,
1/9/2012,29329.37,2.6,-9.9,-3.65,0.2,
1/10/2012,28441.38,2.7,-10.7,-4,0.4,
1/11/2012,30591.65,-9.7,-14.8,-12.25,0,
1/12/2012,27982.68,-4.1,-9.8,-6.95,10.1,
1/13/2012,28114.12,-1.5,-9.7,-5.6,8.1,
1/14/2012,29344.51,-9.7,-21.8,-15.75,0.2,
1/15/2012,29892.84,-15.1,-24.1,-19.6,0,
1/16/2012,28838.7,-7,-20.7,-13.85,0,
1/17/2012,27991.4,4.9,-10.4,-2.75,10.3,
1/18/2012,28746.31,3.8,-16.9,-6.55,0,
1/19/2012,32127.1,-3.4,-18.3,-10.85,0,
1/20/2012,31361.97,-3.2,-19,-11.1,0,
1/21/2012,33724.16,-11.6,-19.2,-15.4,0,
1/22/2012,34453.85,-7.9,-20.3,-14.1,0,
1/23/2012,31534.29,4,-13.4,-4.7,7.2,
1/24/2012,30394.49,5.2,-0.1,2.55,0.7,
1/25/2012,27751.79,0,-7.2,-3.6,0,
1/26/2012,27606.93,-2.9,-11.6,-7.25,1.2,
1/27/2012,26523.6,0.9,-5.6,-2.35,18.1,
1/28/2012,28603.61,2.6,-2.1,0.25,0.2,
1/29/2012,28404.61,1,-4.5,-1.75,0,
1/30/2012,30305.29,-4.4,-10.7,-7.55,0,
1/31/2012,25654.39,-6.5,-10.5,-8.5,5.8,
2/1/2012,28051.11,-3.3,-6.8,-5.05,1,
2/2/2012,27723.55,-5.1,-11,-8.05,0.2,
2/3/2012,28006.16,-2.9,-13.6,-8.25,0.3,
2/4/2012,29467.54,-3.8,-14.4,-9.1,1,
2/5/2012,29678.41,-0.5,-16.5,-8.5,0.2,
2/6/2012,28021.28,3.5,-0.8,1.35,0,
2/7/2012,28290.44,2,-13.8,-5.9,0,
2/8/2012,29532.17,-1.6,-14.2,-7.9,0,
2/9/2012,28499.85,2.8,-5.4,-1.3,0,
2/10/2012,27853.35,1.7,-7.4,-2.85,0,
2/11/2012,28296.81,-7.4,-15.6,-11.5,0,
2/12/2012,28633.25,-9.4,-17,-13.2,0,
2/13/2012,29793.99,-3.3,-11.9,-7.6,0,
2/14/2012,28296.38,2.5,-14.5,-6,0,
2/15/2012,24828,2.3,-1.9,0.2,0.6,
2/16/2012,31001.09,4.1,0.4,2.25,1.1,
2/17/2012,29716.9,3.6,0.5,2.05,2.1,
2/18/2012,29910.36,2,-4.6,-1.3,0,
2/19/2012,29780.42,-1.3,-7.8,-4.55,0.2,
2/20/2012,28667.43,-1.4,-11.3,-6.35,0.2,
2/21/2012,27239.03,2.8,-7.2,-2.2,0,
2/22/2012,28405.3,6.5,0.7,3.6,2,
2/23/2012,27965.15,3,-1.9,0.55,0.5,
2/24/2012,27930.15,1.4,-4,-1.3,9.4,
2/25/2012,29163.68,0.8,-9,-4.1,2.8,
2/26/2012,29946.21,-6.8,-12.2,-9.5,0,
2/27/2012,27707.85,-4.6,-10,-7.3,0.7,
2/28/2012,26650.68,-3.9,-10,-6.95,0,
2/29/2012,29868.21,-2.8,-14.8,-8.8,0,
3/1/2012,27376.72,-2.6,-5.7,-4.15,8.6,
3/2/2012,27786.21,1.2,-6.2,-2.5,0.5,
3/3/2012,27533.31,6.5,-0.8,2.85,4.2,
3/4/2012,28552.74,-0.7,-13.7,-7.2,0.2,
3/5/2012,29420.85,-9.2,-16.3,-12.75,0.2,
3/6/2012,27949.34,-2.5,-15.3,-8.9,0,
3/7/2012,25930.57,11.7,-5.7,3,0,
3/8/2012,28039.99,12.9,-0.1,6.4,7.1,
3/9/2012,28217.74,0,-5.3,-2.65,0.2,
3/10/2012,28138.85,-1.4,-7.2,-4.3,0,
3/11/2012,30072.75,11.2,-3.4,3.9,0,
3/12/2012,27587.42,12.7,1.1,6.9,0.2,
3/13/2012,28022.17,7.6,0.6,4.1,7.6,
3/14/2012,26521.31,2.5,-0.7,0.9,4,
3/15/2012,28393.67,4.3,-0.7,1.8,0.9,
3/16/2012,26860.62,4.6,0.4,2.5,7.5,
3/17/2012,29243.07,10.6,-0.3,5.15,0.2,
3/18/2012,30009.97,23.1,2.8,12.95,0,
3/19/2012,27369.16,20.1,6,13.05,0.4,
3/20/2012,26915.21,23.5,3,13.25,0.2,
3/21/2012,29910.18,25.8,8.9,17.35,0.2,
3/22/2012,32778.43,23.9,9.8,16.85,0.2,
3/23/2012,28079.29,17.8,6.4,12.1,0,
3/24/2012,28436.18,7.3,2.6,4.95,0,
3/25/2012,30286.17,9.2,2.1,5.65,5,
3/26/2012,27070.77,4.6,-5.2,-0.3,0,
3/27/2012,27703.88,3.2,-8.3,-2.55,0,
3/28/2012,27210.12,4.6,-1.7,1.45,5.3,
3/29/2012,27243.19,4.6,-1,1.8,,
3/30/2012,27398.39,5.1,-5.8,-0.35,0,
3/31/2012,28571.89,8.8,-1.5,3.65,0,
4/1/2012,28556.87,6.2,-2.3,1.95,1.2,
4/2/2012,28652.93,8.5,-3.2,2.65,0.3,
4/3/2012,28081.4,11.4,-3.7,3.85,0,
4/4/2012,27739.18,10.5,1.9,6.2,0,
4/5/2012,28496.9,8.9,1.4,5.15,0,
4/6/2012,29674.7,10.1,-0.7,4.7,0,
4/7/2012,28382.06,8.6,0,4.3,0,
4/8/2012,27895.76,12.8,2.9,7.85,0,
4/9/2012,29882.15,9.5,4.6,7.05,1.6,
4/10/2012,27557.53,9.5,3.9,6.7,1.3,
4/11/2012,25549.93,11.7,0.6,6.15,0.5,
4/12/2012,29332.07,12.5,2.5,7.5,0,
4/13/2012,31388.46,16.6,0.8,8.7,0,
4/14/2012,31357.83,16.6,5.4,11,0,
4/15/2012,30618.98,20.7,9.6,15.15,0,
4/16/2012,29429.66,28.9,14.4,21.65,0.7,
4/17/2012,28882.24,19,1.8,10.4,0,
4/18/2012,30691.98,11,-1.1,4.95,0,
4/19/2012,29652.43,21.1,2.7,11.9,0,
4/20/2012,27650.03,11.2,5.8,8.5,0.2,
4/21/2012,28477.88,6.6,1.3,3.95,15.2,
4/22/2012,28790.14,6.6,0.5,3.55,4.9,
4/23/2012,29922.33,6.8,0.8,3.8,26.1,
4/24/2012,26889.47,9.6,4.4,7,0.5,
4/25/2012,28932.2,10.3,4.3,7.3,0.2,
4/26/2012,28062.75,11.6,1.9,6.75,3.5,
4/27/2012,28091.21,4.9,-0.2,2.35,0.6,
4/28/2012,29604.26,7.9,-2.1,2.9,0,
4/29/2012,29503.2,9.6,-2.1,3.75,0,
4/30/2012,27951.97,13.4,-1.3,6.05,0,
5/1/2012,28949.28,11.1,7.7,9.4,2.3,
5/2/2012,26043.83,15.6,8.3,11.95,0.9,
5/3/2012,30596.83,16.6,10.9,13.75,0,
5/4/2012,31117.05,17.5,7.9,12.7,1.1,
5/5/2012,32796.42,16.1,5.2,10.65,0,
5/6/2012,32427.79,17.5,6,11.75,0,
5/7/2012,32404.28,21.3,3.3,12.3,0,
5/8/2012,30220.46,16.1,10.9,13.5,15.5,
5/9/2012,29533.29,19.4,11,15.2,0.6,
5/10/2012,29113.05,11.7,8.4,10.05,0,
5/11/2012,30380.16,17.9,6.1,12,0.7,
5/12/2012,33451.1,23.9,7,15.45,0,
5/13/2012,32439.7,21.4,11.6,16.5,3,
5/14/2012,33246.55,23.9,7.4,15.65,0,
5/15/2012,30934.97,21.1,13.7,17.4,0.3,
5/16/2012,30043.53,24.3,9.7,17,0,
5/17/2012,31587.54,16.4,5.5,10.95,0,
5/18/2012,33765.6,21.5,7.6,14.55,0,
5/19/2012,35764.51,26.2,11.8,19,0,
5/20/2012,36714.45,31.4,14.4,22.9,0,
5/21/2012,39316.07,29.4,17.8,23.6,0,
5/22/2012,33082.46,22.3,12.2,17.25,21.5,
5/23/2012,31913.6,22.9,11.2,17.05,0,
5/24/2012,33439.2,28.4,12.6,20.5,,
5/25/2012,35837.56,27.6,18.8,23.2,4.9,
5/26/2012,35012.49,24.7,14.5,19.6,0,
5/27/2012,34430.23,21.5,13.6,17.55,0,
5/28/2012,34843.12,19.5,11.9,15.7,0,
5/29/2012,29597.61,27,10.9,18.95,25.9,
5/30/2012,31823.81,24.2,15.8,20,0,
5/31/2012,31277.38,19.4,11,15.2,0.3,
6/1/2012,31170.46,20.4,9.4,14.9,0,
6/2/2012,31105.51,15.9,12,13.95,20.7,
6/3/2012,31886.65,20.1,11.7,15.9,0,
6/4/2012,30525.69,16.6,10.9,13.75,0.2,
6/5/2012,32134.62,22.9,10.3,16.6,1.1,
6/6/2012,29693.66,21.5,10.9,16.2,0,
6/7/2012,29921.69,23.7,11.2,17.45,0.2,
6/8/2012,33594.89,21,11.9,16.45,0,
6/9/2012,34044.14,24.6,9.4,17,0.2,
6/10/2012,35332.24,27,11.3,19.15,0,
6/11/2012,35544.85,30.3,17.2,23.75,0,
6/12/2012,33972.16,26,17.8,21.9,15.1,
6/13/2012,32418.18,22.4,13.3,17.85,0,
6/14/2012,33502,23.4,12,17.7,0,
6/15/2012,36215.28,25.7,12.7,19.2,0,
6/16/2012,38091.97,27.4,13.8,20.6,0,
6/17/2012,39094.62,27.5,16.9,22.2,0,
6/18/2012,41034.42,26.5,17.8,22.15,0,
6/19/2012,39004.98,28.4,17.8,23.1,0,
6/20/2012,42972.98,32.7,22.8,27.75,0,
6/21/2012,44847.1,33.3,23.8,28.55,,
6/22/2012,44072.71,29.4,19.1,24.25,0,
6/23/2012,43610.87,27.1,16.9,22,1.5,
6/24/2012,40047.75,28.1,12.8,20.45,0.9,
6/25/2012,36137.11,21,14.9,17.95,10.2,
6/26/2012,33008.92,17.8,15.2,16.5,3.4,
6/27/2012,31887.6,21.2,15,18.1,4.8,
6/28/2012,34024.2,27.5,17.3,22.4,0.2,
6/29/2012,37003.3,31.4,18.6,25,3,
6/30/2012,38625.78,30.6,20.4,25.5,0,
7/1/2012,37545.4,26.3,17.1,21.7,0,
7/2/2012,38323.82,29.1,15.8,22.45,0,
7/3/2012,38018.9,28.1,13.8,20.95,0.7,
7/4/2012,33710.21,29.1,17.1,23.1,19,
7/5/2012,35159.9,25.9,15.6,20.75,0.2,
7/6/2012,38153.05,30.6,17.2,23.9,0,
7/7/2012,38889.31,30.1,20.9,25.5,0,
7/8/2012,39578.64,25.5,14.4,19.95,0.2,
7/9/2012,39939.01,24.8,11.6,18.2,0,
7/10/2012,40040.52,27.5,14.2,20.85,0,
7/11/2012,44009.88,28.3,11.8,20.05,0,
7/12/2012,41444.88,30.9,16.9,23.9,0,
7/13/2012,44568.96,32.4,20.6,26.5,0,
7/14/2012,46676.09,33.3,22.8,28.05,0,
7/15/2012,43272.45,30.6,20.9,25.75,4.6,
7/16/2012,38106,29.5,20.2,24.85,0.8,
7/17/2012,32530.46,29.4,19.2,24.3,35,
7/18/2012,34427.39,24.9,13.1,19,0,
7/19/2012,34450.32,23.7,10.9,17.3,0,
7/20/2012,36573.51,25.2,13.3,19.25,0,
7/21/2012,38060.62,27.2,12.8,20,0,
7/22/2012,38219.49,30.5,21.7,26.1,0,
7/23/2012,36163.28,31.1,18,24.55,25.2,
7/24/2012,30752.84,25,15.1,20.05,0,
7/25/2012,32963.67,25.1,13.7,19.4,0,
7/26/2012,32745.82,22.1,17,19.55,0,
7/27/2012,35361.08,26.9,15.5,21.2,0,
7/28/2012,36014.01,27.1,17.2,22.15,0,
7/29/2012,38043.86,28.4,16.1,22.25,0,
7/30/2012,37848.57,29.9,17.9,23.9,0,
7/31/2012,37815.64,30.4,19.4,24.9,3.1,
8/1/2012,37332.76,28.2,20.4,24.3,0,
8/2/2012,38307.92,30.9,20.7,25.8,0,
8/3/2012,40687.94,29.5,20.7,25.1,0,
8/4/2012,41421.99,33,19.7,26.35,0,
8/5/2012,36473.6,31.1,20.6,25.85,14.1,
8/6/2012,33817.75,23.5,16.2,19.85,0,
8/7/2012,35880.01,28.7,15.9,22.3,0,
8/8/2012,37810.91,28.7,15.8,22.25,0,
8/9/2012,33738.07,24.5,19.3,21.9,2.2,
8/10/2012,31604.9,21.7,17.5,19.6,9,
8/11/2012,31956.71,27.8,17.2,22.5,10.9,
8/12/2012,33444.47,27,19.4,23.2,1.7,
8/13/2012,34055.7,26.2,19.2,22.7,0,
8/14/2012,32642.7,25.8,18.8,22.3,0,
8/15/2012,34707.33,26.4,18.1,22.25,1.8,
8/16/2012,35936.02,26.6,16,21.3,0,
8/17/2012,34627.44,25.2,17.1,21.15,0,
8/18/2012,34970.52,22.3,14.4,18.35,0,
8/19/2012,36336.03,25.2,12.7,18.95,0.2,
8/20/2012,38599.85,25.5,13.8,19.65,0.3,
8/21/2012,36770.41,24.7,12.4,18.55,0,
8/22/2012,38016.61,26.2,17.3,21.75,0,
8/23/2012,40542.99,27.4,18.5,22.95,0,
8/24/2012,41894.66,28.3,16.2,22.25,0,
8/25/2012,41368.19,31.9,19.6,25.75,0,
8/26/2012,43662.22,31,20.4,25.7,0,
8/27/2012,37565.86,27.6,21.2,24.4,0.8,
8/28/2012,37127.63,25.7,10.6,18.15,0,
8/29/2012,39084.62,25,9.3,17.15,0,
8/30/2012,39018.12,28.9,14.3,21.6,0,
8/31/2012,36514.94,25.8,18.7,22.25,0,
9/1/2012,37717.56,24.9,13.1,19,0,
9/2/2012,36822.96,26.4,10.9,18.65,0,
9/3/2012,39011.33,28.4,12.8,20.6,0,
9/4/2012,36183.99,26.4,20,23.2,10.7,
9/5/2012,32113.45,27.6,17.1,22.35,1.4,
9/6/2012,33865.48,28.7,17.1,22.9,0,
9/7/2012,36105.92,26.1,15,20.55,0,
9/8/2012,32503.3,26.8,13.9,20.35,9.6,
9/9/2012,31192.12,18.6,10.5,14.55,0.2,
9/10/2012,32907.97,18.5,8.2,13.35,0,
9/11/2012,31516.62,21.9,6.4,14.15,0,
9/12/2012,36153.71,27.5,12.5,20,0,
9/13/2012,32403.35,28.6,14.7,21.65,0.2,
9/14/2012,35334.38,27.4,15,21.2,14.6,
9/15/2012,31863.06,18.1,5,11.55,0.5,
9/16/2012,33470.21,17.2,4.3,10.75,0.3,
9/17/2012,34021.74,25.5,9.3,17.4,0,
9/18/2012,28950.46,20.6,10.9,15.75,18.2,
9/19/2012,30445.14,14.9,6.7,10.8,0,
9/20/2012,30445.9,19.5,7.3,13.4,0,
9/21/2012,31792.39,19.7,12.8,16.25,9,
9/22/2012,28911.43,18.8,12.8,15.8,7.1,
9/23/2012,31447.46,16.2,5.7,10.95,0,
9/24/2012,30740.56,16.8,4.6,10.7,0.2,
9/25/2012,31121.17,19.4,10.8,15.1,0,
9/26/2012,34140.74,20.6,8.3,14.45,0.5,
9/27/2012,25346.9,15.4,5.1,10.25,0.6,
9/28/2012,28361.14,17.8,4.1,10.95,0,
9/29/2012,30718.03,13.1,9.8,11.45,0,
9/30/2012,30214.19,12.3,10.2,11.25,21.3,
10/1/2012,31587.28,15.6,11.1,13.35,1.9,
10/2/2012,26000.68,19.1,10.3,14.7,0,
10/3/2012,27574.33,19.4,10.6,15,0,
10/4/2012,28188.27,16.6,11.2,13.9,0.2,
10/5/2012,29424.88,21,13.4,17.2,0,
10/6/2012,27885.23,16.1,8.2,12.15,16.1,
10/7/2012,27754.52,11.1,5,8.05,0.2,
10/8/2012,29437.2,12.4,1.1,6.75,0.2,
10/9/2012,30619.87,15.7,4.1,9.9,0,
10/10/2012,24781.78,13.8,6.6,10.2,3,
10/11/2012,25867.4,10.6,4.8,7.7,1.4,
10/12/2012,29904.79,8.2,-1,3.6,0.2,
10/13/2012,29206.58,10.5,-3,3.75,4,
10/14/2012,29137.94,10.7,4.4,7.55,13.2,
10/15/2012,27983.83,18.2,8.4,13.3,0.7,
10/16/2012,27888.64,9.1,1.5,5.3,0,
10/17/2012,26868.14,13.1,0.5,6.8,,
10/18/2012,26748.12,19.3,8.8,14.05,,
10/19/2012,27751,13.9,11.2,12.55,23.6,
10/20/2012,29415.34,18.9,9.1,14,6.8,
10/21/2012,30026.53,13.5,7.7,10.6,0,
10/22/2012,29021.49,15.1,4.8,9.95,0,
10/23/2012,27940.54,13.2,4.1,8.65,0,
10/24/2012,27670.92,12.9,1.5,7.2,,
10/25/2012,29706.59,14.2,4,9.1,0,
10/26/2012,27573.13,21.5,6.6,14.05,0,
10/27/2012,30006.64,14.8,10.2,12.5,0,
10/28/2012,24765.75,13.1,9.2,11.15,0,
10/29/2012,28369.27,17.1,9.2,13.15,0,
10/30/2012,28696.68,21.3,13.5,17.4,9.2,
10/31/2012,25313.81,15.1,6.9,11,0.2,
11/1/2012,28201.24,8.6,5.1,6.85,0.8,
11/2/2012,24923.18,6,3.4,4.7,2,
11/3/2012,30242.54,5.6,3.2,4.4,0.5,
11/4/2012,29192.09,4.1,1.1,2.6,0,
11/5/2012,27419.76,2.8,-4.1,-0.65,0,
11/6/2012,27313.3,2.9,-5.7,-1.4,0,
11/7/2012,27776.53,3,-4.7,-0.85,0,
11/8/2012,26805.37,5.8,-4.5,0.65,0,
11/9/2012,25725.86,5.2,-5.9,-0.35,0,
11/10/2012,28019.92,5.8,-1.6,2.1,0,
11/11/2012,27666.97,7.1,0.1,3.6,0,
11/12/2012,27346.91,18.8,-0.7,9.05,0.4,
11/13/2012,25413.78,9.1,-2,3.55,0.7,
11/14/2012,26122.85,6.1,-5.8,0.15,0.2,
11/15/2012,26179.63,3.2,-5.5,-1.15,0,
11/16/2012,25834.19,5.9,-6.8,-0.45,0,
11/17/2012,26361.41,3.3,-3.9,-0.3,0,
11/18/2012,28757.85,4.7,-7,-1.15,0,
11/19/2012,27320.14,6.6,-5,0.8,0,
11/20/2012,26498.79,6,-4.6,0.7,0,
11/21/2012,28989.5,8.7,-3.1,2.8,0,
11/22/2012,26381.86,12.4,-2.4,5,0,
11/23/2012,27355.28,12.3,1,6.65,1.7,
11/24/2012,27074.49,5.4,-3,1.2,1.1,
11/25/2012,26628.18,-1.4,-6.8,-4.1,0,
11/26/2012,28535.83,-0.1,-9,-4.55,0,
11/27/2012,26422.31,1.1,-9.4,-4.15,0,
11/28/2012,25463.19,2,-6.5,-2.25,0.4,
11/29/2012,27141.34,-0.6,-12,-6.3,0.2,
11/30/2012,27894.27,-8.2,-14.2,-11.2,0,
12/1/2012,25116.6,-4.1,-12.6,-8.35,0,
12/2/2012,28646.15,8.4,-4.2,2.1,7.7,
12/3/2012,28937.93,7.9,0.8,4.35,0,
12/4/2012,27234.23,12.8,2.4,7.6,6.9,
12/5/2012,27734.25,9,-2.9,3.05,2.1,
12/6/2012,26258.2,-0.8,-6.5,-3.65,0,
12/7/2012,25985.67,4.1,-3.3,0.4,0,
12/8/2012,28834.55,4,0.8,2.4,3.1,
12/9/2012,29314.37,2,-5,-1.5,1.2,
12/10/2012,26349.77,2.7,-5,-1.15,20.5,
12/11/2012,27986.38,0,-9.7,-4.85,0,
12/12/2012,24813.11,-2.2,-11.4,-6.8,0,
12/13/2012,26848.8,2.2,-6.7,-2.25,0,
12/14/2012,27897.02,3.5,-6.5,-1.5,0,
12/15/2012,27311.8,-6.4,-10.9,-8.65,0,
12/16/2012,27934.51,-2.2,-10.2,-6.2,2.2,
12/17/2012,26873.82,2.5,-3.2,-0.35,9.4,
12/18/2012,27317.03,1.5,0.1,0.8,21,
12/19/2012,25320.77,1.7,0.1,0.9,0.4,
12/20/2012,25195.42,1.9,-1.9,0,3,
12/21/2012,27299.32,2.6,0.4,1.5,24.7,
12/22/2012,25607.76,1.4,-7.9,-3.25,2.4,
12/23/2012,26538.26,-6.7,-9.5,-8.1,0,
12/24/2012,27908.47,-7.2,-11.4,-9.3,0.2,
12/25/2012,26457.37,-7.1,-12.2,-9.65,0,
12/26/2012,26439.19,-9.4,-14.3,-11.85,0,
12/27/2012,25760.01,-3.3,-9.4,-6.35,25.4,
12/28/2012,27460.76,-4.2,-12,-8.1,0.4,
12/29/2012,24599.26,-8.4,-16,-12.2,2.7,
12/30/2012,26240.22,-9,-14.1,-11.55,1,
12/31/2012,,0.8,-11.8,-5.5,0.4,
1/1/2013,26613.3,-1.2,-16.5,-8.85,0.2,80563
1/2/2013,27260.22,-13.8,-22.9,-18.35,0.6,
1/3/2013,26222.18,-12.9,-23.1,-18,0.8,
1/4/2013,26658.92,0.5,-15.1,-7.3,0.5,
1/5/2013,26309.69,0.6,-12.7,-6.05,0,
1/6/2013,29248.16,-6.9,-10.5,-8.7,5,
1/7/2013,27344.65,-6,-13.6,-9.8,0,
1/8/2013,27191.84,1.8,-10.7,-4.45,0,
1/9/2013,26601.44,5.5,-6.2,-0.35,0.4,
1/10/2013,26562.02,3,-2.5,0.25,0,
1/11/2013,26634.06,2.9,-2.9,0,0.2,
1/12/2013,27095.68,5.3,1.5,3.4,0.4,
1/13/2013,28087.04,5.6,1.9,3.75,4.4,
1/14/2013,29045.02,6.2,-0.3,2.95,1.3,
1/15/2013,26582.07,0,-3.2,-1.6,0,
1/16/2013,25982.09,1.9,-3.4,-0.75,0,
1/17/2013,25821.64,1.7,-18.9,-8.6,0.8,
1/18/2013,26949.02,-7,-21.4,-14.2,0,
1/19/2013,26595.34,1.1,-7.5,-3.2,11.6,
1/20/2013,28453.82,6.6,-15.7,-4.55,4.3,
1/21/2013,26138.24,-15.5,-19.6,-17.55,0.2,
1/22/2013,27079.79,-15.3,-23,-19.15,0.2,
1/23/2013,27316.05,-22.3,-27.2,-24.75,0.2,
1/24/2013,26196.78,-17,-24,-20.5,0,
1/25/2013,25328.82,-14.6,-20.6,-17.6,0,
1/26/2013,29059.18,-11,-21,-16,0,
1/27/2013,27557.09,-10.7,-18,-14.35,0,
1/28/2013,28474.53,-6.2,-14.3,-10.25,3.2,
1/29/2013,25536.19,1.9,-11,-4.55,2.2,
1/30/2013,26331.81,7.9,1.6,4.75,4.4,
1/31/2013,28600.69,9.6,-12,-1.2,11.5,
2/1/2013,25956.83,-11.7,-15.3,-13.5,0,
2/2/2013,26373.89,-11.3,-16.9,-14.1,1,
2/3/2013,28356.49,-9,-15.7,-12.35,0,
2/4/2013,26381.71,-8,-17.7,-12.85,0.4,
2/5/2013,26923.29,-9.1,-19.8,-14.45,0.2,
2/6/2013,26467.03,-6.1,-16,-11.05,0,
2/7/2013,27777.9,-15.5,-20.6,-18.05,0.2,
2/8/2013,26373.53,-10.8,-17.1,-13.95,6.8,
2/9/2013,26833.84,-6.6,-17,-11.8,0,
2/10/2013,29308.48,-5.4,-19,-12.2,0,
2/11/2013,26221.68,3.4,-10.6,-3.6,2.6,
2/12/2013,26651.89,2.6,-0.5,1.05,0.3,
2/13/2013,26570.75,0.7,-1.9,-0.6,,
2/14/2013,27069.65,1.6,-1.8,-0.1,,
2/15/2013,27070.8,3.8,-3.4,0.2,1.6,
2/16/2013,26849.99,-3.4,-11.3,-7.35,0,
2/17/2013,28323.63,-7.5,-14.6,-11.05,0.2,
2/18/2013,29577.54,-7.8,-15.9,-11.85,0,
2/19/2013,27506.92,0.1,-11.4,-5.65,4.6,
2/20/2013,24994.18,-1.2,-11.3,-6.25,2.1,
2/21/2013,25747.31,,-13.1,-6.55,0.6,
2/22/2013,26128.69,-0.1,-6.8,-3.45,,
2/23/2013,28704.4,1.5,-2.9,-0.7,6.1,
2/24/2013,27500.63,1.3,0.2,0.75,1.2,
2/25/2013,27104.8,2.4,-1.5,0.45,0.4,
2/26/2013,26639.46,3.7,-1,1.35,0,
2/27/2013,27280.38,2.9,0,1.45,12.7,
2/28/2013,24123.32,1.9,-0.3,0.8,0.7,
3/1/2013,26315.7,1.6,-1.5,0.05,1.4,
3/2/2013,28260.28,0.4,-4.5,-2.05,2.2,
3/3/2013,26675.74,-1.4,-5.2,-3.3,0.6,
3/4/2013,27317.33,-3.4,-7.1,-5.25,1,
3/5/2013,26083.19,2.2,-4.4,-1.1,0.2,
3/6/2013,27572.81,3.9,0.4,2.15,0,
3/7/2013,26921.8,0.6,-0.9,-0.15,0,
3/8/2013,26038.05,3.6,-4.6,-0.5,0,
3/9/2013,27845.6,5.8,-6.3,-0.25,0,
3/10/2013,26355.38,8.7,-2.3,3.2,0,
3/11/2013,26863.58,7.5,2.8,5.15,0.7,
3/12/2013,26019.28,7.5,2.1,4.8,13.6,
3/13/2013,25882.22,5.1,0.1,2.6,0,
3/14/2013,26352.52,0.1,-9.1,-4.5,0.2,
3/15/2013,26308.97,-2,-9.4,-5.7,0.3,
3/16/2013,27205.97,-4.7,-10.4,-7.55,0.2,
3/17/2013,28722.6,-3.9,-10.9,-7.4,0,
3/18/2013,26577.73,-1.5,-13,-7.25,0,
3/19/2013,26532.22,-0.4,-4.5,-2.45,26,
3/20/2013,26337.51,0.3,-6.1,-2.9,1.1,
3/21/2013,25868.66,1.1,-4.9,-1.9,0.2,
3/22/2013,27559.41,-0.5,-5.1,-2.8,0,
3/23/2013,25392.21,2.8,-4.3,-0.75,0,
3/24/2013,28225.51,3.7,-3.8,-0.05,0,
3/25/2013,28488.01,7,-3.3,1.85,0,
3/26/2013,26561.32,7.1,-2.8,2.15,0.4,
3/27/2013,24906.66,7.8,-0.9,3.45,0.4,
3/28/2013,25865.12,9.4,1,5.2,0.2,
3/29/2013,27944.15,8.4,0.4,4.4,0,
3/30/2013,26518.56,9,-3.5,2.75,0,
3/31/2013,27548.02,12.9,-0.7,6.1,4.2,
4/1/2013,27132.09,6.8,-5.7,0.55,1.5,
4/2/2013,27741.54,-0.9,-6.6,-3.75,0,
4/3/2013,25374.68,2.2,-4.6,-1.2,0,
4/4/2013,25131.63,9,-3.5,2.75,0,
4/5/2013,27236.69,6.3,-4.1,1.1,0.7,
4/6/2013,26011.1,2.4,-6.9,-2.25,0,
4/7/2013,26121.35,12.9,0.5,6.7,0,
4/8/2013,26802.03,9,2.5,5.75,2.9,
4/9/2013,26700.95,8.9,1.7,5.3,11.7,
4/10/2013,26847.36,10,2,6,0,
4/11/2013,29487.51,3.7,-1.6,1.05,0,
4/12/2013,26537.75,2.1,-1.4,0.35,19.5,
4/13/2013,27892.1,5.8,1.6,3.7,0.7,
4/14/2013,26925.87,9.3,2.1,5.7,0.2,
4/15/2013,27041.2,13.6,-0.6,6.5,0.2,
4/16/2013,25761.04,13.7,5.8,9.75,8,
4/17/2013,25354.94,13.2,2.7,7.95,0,
4/18/2013,26210.13,16.6,4.5,10.55,0,
4/19/2013,26620.16,21.6,6.6,14.1,2.7,
4/20/2013,27420.72,9,-0.5,4.25,0.4,
4/21/2013,29761.84,6.7,-2.8,1.95,0,
4/22/2013,27307.42,14.4,-0.1,7.15,0,
4/23/2013,27369.25,14.8,2.6,8.7,0,
4/24/2013,27832.31,21.7,5.4,13.55,3.5,
4/25/2013,28453.57,11.2,3.2,7.2,0,
4/26/2013,27976.78,11.2,1.7,6.45,0,
4/27/2013,29967.73,15.7,2.4,9.05,0,
4/28/2013,31481.4,21.3,2.9,12.1,0,
4/29/2013,29980.5,21.9,9.9,15.9,0,
4/30/2013,29920.27,22.1,11.6,16.85,0,
5/1/2013,29750.31,26.2,9.7,17.95,0,
5/2/2013,33283.1,25.3,11.7,18.5,0,
5/3/2013,34535.02,22.9,10.4,16.65,0,
5/4/2013,39472.93,24.6,9.2,16.9,0,
5/5/2013,40221.23,26.6,11.4,19,0,
5/6/2013,38232.27,26.9,10.3,18.6,0,
5/7/2013,38120.96,28.2,10.9,19.55,0,
5/8/2013,37350.6,28.7,12.2,20.45,0.2,
5/9/2013,35247.34,24.7,16.3,20.5,0,
5/10/2013,37969.5,20.7,11,15.85,0,
5/11/2013,32481.12,18.8,10.2,14.5,14.1,
5/12/2013,31521.44,13.5,3.9,8.7,0,
5/13/2013,31779.65,10.2,1.5,5.85,0,
5/14/2013,32793.59,14.6,-0.2,7.2,0,
5/15/2013,33897.76,17.2,3.7,10.45,1,
5/16/2013,30963.41,17.4,8.9,13.15,0,
5/17/2013,35616.62,19.8,5.2,12.5,0,
5/18/2013,37486.56,22.1,6,14.05,0,
5/19/2013,36590.18,20.6,9.3,14.95,3.5,
5/20/2013,32847.59,22.6,13.6,18.1,3.5,
5/21/2013,34937.75,19.4,13.8,16.6,4,
5/22/2013,26707.78,23.6,12.8,18.2,5.9,
5/23/2013,29838.7,22.5,10,16.25,5.5,
5/24/2013,32635.51,10.9,7.5,9.2,5.9,
5/25/2013,30858.06,10,6.6,8.3,12.9,
5/26/2013,31042.85,12.9,4.3,8.6,12.6,
5/27/2013,31472.48,20.6,3.6,12.1,0,
5/28/2013,34188.82,23.4,7.8,15.6,,
5/29/2013,32039.66,21,14.4,17.7,19,
5/30/2013,33360.43,27.8,15.4,21.6,0,
5/31/2013,34812.65,31.7,19.8,25.75,0,
6/1/2013,38720.03,29.9,20.3,25.1,11.7,
6/2/2013,34737.4,26.4,18.8,22.6,12.3,
6/3/2013,33824.47,18.8,11.9,15.35,0,
6/4/2013,32691.2,18.2,8.4,13.3,0,
6/5/2013,33327.11,19,5.8,12.4,0,
6/6/2013,32556.82,16.1,10.2,13.15,6.5,
6/7/2013,30493.86,14.9,11.9,13.4,8.7,
6/8/2013,31154.94,16.3,11.7,14,3.8,
6/9/2013,33438.09,24.7,14.5,19.6,0,
6/10/2013,33950,25.2,13.5,19.35,0.2,
6/11/2013,30609.62,16.2,13,14.6,33,
6/12/2013,31627.15,22.1,12.7,17.4,2.4,
6/13/2013,34099.44,23.4,11,17.2,0,
6/14/2013,35615.48,25.6,11.5,18.55,0,
6/15/2013,36335.86,24.2,10.6,17.4,0,
6/16/2013,34997.17,18.6,12.8,15.7,10.3,
6/17/2013,31361.31,20.6,9.3,14.95,0,
6/18/2013,33999.78,21.2,8.8,15,0,
6/19/2013,36673.82,20.4,7.6,14,0,
6/20/2013,34517.49,23.5,12.1,17.8,0,
6/21/2013,37687.72,27.1,15.5,21.3,0,
6/22/2013,35439.17,20.5,18.4,19.45,11.9,
6/23/2013,31572.85,24.9,18.6,21.75,2.9,
6/24/2013,34605.47,30.5,20.1,25.3,3.6,
6/25/2013,33140.79,29,21.5,25.25,4.4,
6/26/2013,34391.66,24.8,15.6,20.2,0,
6/27/2013,34711.86,25,15,20,0,
6/28/2013,32185.19,16,14,15,17.6,
6/29/2013,30408.59,21.9,15.6,18.75,0,
6/30/2013,32964.56,24.4,16.4,20.4,0,
7/1/2013,34580.93,23.9,16.3,20.1,0,
7/2/2013,32160.36,21.2,16.6,18.9,0.2,
7/3/2013,35368.15,,17.2,8.6,,
7/4/2013,37722.88,29.5,19.2,24.35,0,
7/5/2013,38425.36,29.8,21.9,25.85,1.7,
7/6/2013,37044.13,29.7,22.2,25.95,0,
7/7/2013,38092.08,26.2,18.7,22.45,7.2,
7/8/2013,34385.06,25.8,17.7,21.75,1.2,
7/9/2013,36562.27,29.2,19.3,24.25,0,
7/10/2013,35617.47,28.2,21.9,25.05,2.1,
7/11/2013,36771.52,25.8,16.7,21.25,0,
7/12/2013,39217.44,25.9,14.8,20.35,0,
7/13/2013,41309,29.6,14.1,21.85,0,
7/14/2013,43397.96,31,20.1,25.55,0,
7/15/2013,44368.93,32.9,22.2,27.55,0.2,
7/16/2013,45357.47,31.8,20.1,25.95,0,
7/17/2013,41959.63,33.1,21.6,27.35,22,
7/18/2013,38644.28,29.9,20.9,25.4,2.3,
7/19/2013,38179.53,33.6,20.9,27.25,21,
7/20/2013,37482.75,28.2,16.9,22.55,5.2,
7/21/2013,37261.33,22,13.4,17.7,0,
7/22/2013,37886.01,25.3,12,18.65,0,
7/23/2013,36639.32,27.5,19.1,23.3,10.7,
7/24/2013,36443.98,21.8,10.5,16.15,0.2,
7/25/2013,38352.79,22.4,8.5,15.45,0,
7/26/2013,40251.73,24.8,12.2,18.5,0,
7/27/2013,40837.34,26.7,14.1,20.4,0.2,
7/28/2013,39237.39,27.1,18.7,22.9,11,
7/29/2013,36690.83,23.6,16.8,20.2,3.1,
7/30/2013,39017.82,23.9,14.4,19.15,0,
7/31/2013,36557.66,26.4,16.4,21.4,0,
8/1/2013,36071.24,26.7,18.5,22.6,7.5,
8/2/2013,37778.2,25.5,18.2,21.85,0,
8/3/2013,37604.33,22.9,16.2,19.55,0.6,
8/4/2013,36415.62,22,12.3,17.15,0.2,
8/5/2013,38203.1,22.6,10,16.3,0.2,
8/6/2013,36245.8,25.3,14,19.65,0,
8/7/2013,35525.99,26.9,15.5,21.2,0,
8/8/2013,37838.21,27.8,19.9,23.85,0,
8/9/2013,34493.91,26.2,19.9,23.05,6.1,
8/10/2013,34484.96,22.2,13.5,17.85,0,
8/11/2013,36948.35,25.2,12.7,18.95,0,
8/12/2013,36322.64,25.8,16.4,21.1,0.2,
8/13/2013,34450.9,24.2,16.1,20.15,12.1,
8/14/2013,31155.67,20.6,14.1,17.35,2.3,
8/15/2013,35800.78,23.6,12.9,18.25,0,
8/16/2013,36070.02,23.2,14.9,19.05,0,
8/17/2013,37649.64,23.6,11.8,17.7,0.4,
8/18/2013,38583.65,27.1,14,20.55,0.2,
8/19/2013,40113.08,27.8,17.4,22.6,0.2,
8/20/2013,40238.8,28.6,18.7,23.65,0.2,
8/21/2013,40709.35,29.6,20.2,24.9,0,
8/22/2013,35496.76,23.8,16.3,20.05,6.8,
8/23/2013,34038.64,23.2,12,17.6,0.2,
8/24/2013,34712.5,23.7,9.7,16.7,0,
8/25/2013,35524.82,25.3,13.8,19.55,4.1,
8/26/2013,34485.85,24.3,17.2,20.75,0,
8/27/2013,33435.45,26,18.8,22.4,0,
8/28/2013,37580.06,29.6,18.2,23.9,4.2,
8/29/2013,36170.13,24.5,16.5,20.5,0,
8/30/2013,35790.26,26,14.9,20.45,17.6,
8/31/2013,30960.74,24.3,18.7,21.5,0,
9/1/2013,34106.59,27.1,18.3,22.7,0,
9/2/2013,33379.79,22.8,15.6,19.2,19.6,
9/3/2013,32816.33,22.1,16.1,19.1,0,
9/4/2013,31324.67,19,11.1,15.05,0,
9/5/2013,31690.64,17.4,7.2,12.3,0,
9/6/2013,31946.82,20.2,6.9,13.55,0,
9/7/2013,32895.29,21.7,15.8,18.75,0,
9/8/2013,32712.88,17.9,7.9,12.9,0.3,
9/9/2013,32426.65,19.6,8.8,14.2,0,
9/10/2013,30249.55,19.6,14.5,17.05,7.4,
9/11/2013,30128.91,30.6,15.6,23.1,9.3,
9/12/2013,28283.66,23.7,17.2,20.45,23,
9/13/2013,29452.98,17.3,11.5,14.4,3.2,
9/14/2013,30285.52,15,9.5,12.25,0,
9/15/2013,31687.84,19.1,9.9,14.5,1.8,
9/16/2013,28979.78,13.7,5,9.35,9.6,
9/17/2013,29671.47,17.4,4.8,11.1,0,
9/18/2013,29910.56,20.5,8.8,14.65,0,
9/19/2013,29845.92,23,9.9,16.45,0,
9/20/2013,31537.73,25.8,12.6,19.2,0,
9/21/2013,31645.34,21.1,15.5,18.3,9.9,
9/22/2013,29942.99,15.6,6.3,10.95,6.2,
9/23/2013,30131.21,12.9,5.3,9.1,0,
9/24/2013,29480.26,18.7,7,12.85,0,
9/25/2013,30392.81,17.8,6.2,12,0,
9/26/2013,28203.88,18.1,7.1,12.6,0,
9/27/2013,29164.79,20.3,9.1,14.7,0,
9/28/2013,30156.09,22.9,7,14.95,0,
9/29/2013,30886.4,23.4,10.2,16.8,0,
9/30/2013,31292.29,23.9,9.3,16.6,0,
10/1/2013,27980.52,23.3,11.1,17.2,0,
10/2/2013,29657.94,24.4,12.1,18.25,0,
10/3/2013,28939.99,21.3,9.8,15.55,0,
10/4/2013,30567.83,17.5,13.3,15.4,0,
10/5/2013,27380.3,17.6,11.8,14.7,0,
10/6/2013,33439.12,15.2,8.5,11.85,5.4,
10/7/2013,27680.13,23.9,8.6,16.25,12.9,
10/8/2013,28568.85,14.4,6.2,10.3,0,
10/9/2013,27828.83,17.7,3.6,10.65,0,
10/10/2013,28481.29,19.3,5.5,12.4,0,
10/11/2013,27402.88,22.5,6.3,14.4,0,
10/12/2013,30860.73,22.3,9.2,15.75,0,
10/13/2013,30391.94,20.3,9.3,14.8,0,
10/14/2013,29064.78,17.9,9.3,13.6,3.2,
10/15/2013,28353.05,16.5,11.5,14,0,
10/16/2013,26762.44,18.2,13.5,15.85,11.4,
10/17/2013,28001.16,17.4,11.8,14.6,4.3,
10/18/2013,28036.46,15.1,9.4,12.25,1.5,
10/19/2013,28255.83,15.7,6.1,10.9,5.8,
10/20/2013,29636.11,12.1,3,7.55,0.4,
10/21/2013,29249.35,14.6,2.1,8.35,0.2,
10/22/2013,27396.29,13.5,6.1,9.8,1.3,
10/23/2013,26478.72,8.9,1.1,5,,
10/24/2013,26836.99,6.3,0,3.15,0,
10/25/2013,27884.43,7.4,-0.2,3.6,0,
10/26/2013,27985.92,6.9,1.8,4.35,2.7,
10/27/2013,29799.04,7.6,2.4,5,0.5,
10/28/2013,27250.37,7,-2.8,2.1,1.7,
10/29/2013,27239.54,3.8,-5,-0.6,0,
10/30/2013,27061.31,6.9,-2,2.45,0,
10/31/2013,27171.58,13.4,0.9,7.15,21,
11/1/2013,26612.67,18.7,8.3,13.5,18.6,
11/2/2013,27694.23,8.4,-2,3.2,2.9,
11/3/2013,26950.2,4.5,-4.2,0.15,0.2,
11/4/2013,27651.26,3.8,-6.1,-1.15,0,
11/5/2013,27221.09,9.2,-0.2,4.5,0,
11/6/2013,27598.89,13.7,3.8,8.75,3.7,
11/7/2013,25144.58,14.2,2.2,8.2,1.5,
11/8/2013,26862.04,4.3,1.6,2.95,0.2,
11/9/2013,33302.11,4.2,0,2.1,0,
11/10/2013,28612.23,5.4,2.4,3.9,13.5,
11/11/2013,26732.61,4,-3.6,0.2,5.6,
11/12/2013,25869.87,0.1,-5.5,-2.7,0,
11/13/2013,25892.17,2.5,-7.1,-2.3,0,
11/14/2013,25688.47,6.8,1.7,4.25,0,
11/15/2013,26652.7,10.4,3.8,7.1,0,
11/16/2013,27691.48,12.3,2.5,7.4,0,
11/17/2013,27716.16,13.2,3.7,8.45,6.5,
11/18/2013,26123.68,14.7,1.3,8,9,
11/19/2013,25810.88,1.7,-4.5,-1.4,0.2,
11/20/2013,25313.09,1.5,-6.4,-2.45,0,
11/21/2013,36504.34,3.5,-4,-0.25,0,
11/22/2013,26137.17,4.9,0.8,2.85,5.5,
11/23/2013,25798.65,0.8,-6.6,-2.9,0.2,
11/24/2013,29261.87,-5.3,-11.6,-8.45,0,
11/25/2013,25868.35,1.1,-12.8,-5.85,0,
11/26/2013,25713.57,2.7,0,1.35,1.1,
11/27/2013,25337.3,1.4,-4.9,-1.75,23.5,
11/28/2013,25588.71,-4.8,-10,-7.4,0.2,
11/29/2013,26982.34,-5.2,-13.3,-9.25,0,
11/30/2013,27345.68,-4.2,-14.8,-9.5,0.2,
12/1/2013,28717.73,-1.1,-6.9,-4,0.2,
12/2/2013,26645.49,0.4,-2.3,-0.95,1.4,
12/3/2013,27028.38,1.3,-1.2,0.05,0.2,
12/4/2013,26846.89,,-3.6,-1.8,,
12/5/2013,26164.74,,-0.8,-0.4,0.2,
12/6/2013,25439.66,4.7,-2.1,1.3,0,
12/7/2013,27595.72,-1.6,-7.1,-4.35,0,
12/8/2013,27956.79,-2.5,-9.3,-5.9,0,
12/9/2013,27535.9,3.6,-5.2,-0.8,5.5,
12/10/2013,25149.47,1.2,-8.6,-3.7,0,
12/11/2013,28657.91,-5.4,-14.4,-9.9,0,
12/12/2013,26773.18,-7.2,-20.2,-13.7,0.2,
12/13/2013,26289.83,-8.5,-21.7,-15.1,0,
12/14/2013,27987.09,-15.5,-21.4,-18.45,2.3,
12/15/2013,28405.18,-11.2,-15.7,-13.45,11.6,
12/16/2013,26674.66,-12.9,-22.2,-17.55,0,
12/17/2013,26619.2,-14.5,-24.2,-19.35,0.2,
12/18/2013,26836.74,-7.5,,-3.75,,
12/19/2013,25203.49,0.8,-8.4,-3.8,0.7,
12/20/2013,29811.52,-0.9,-8.5,-4.7,10.6,
12/21/2013,28243.95,-6.3,-8.1,-7.2,10.3,
12/22/2013,27707.02,-6.7,-9,-7.85,16.7,
12/23/2013,24503.23,-5.4,-9,-7.2,0.2,
12/24/2013,33630.4,-9,-17.1,-13.05,0.2,
12/25/2013,28341.66,-13.6,-20.2,-16.9,0,
12/26/2013,25896.55,-8.8,-15.6,-12.2,0.9,
12/27/2013,27274.93,-3.8,-11.3,-7.55,0,
12/28/2013,27861.18,2.8,-5.3,-1.25,0.7,
12/29/2013,28668.99,1.5,-10.6,-4.55,0.2,
12/30/2013,27738.59,-7.6,-19.1,-13.35,0.2,
12/31/2013,30181.03,-14.8,-20.6,-17.7,0.7,
1/1/2014,25586.02,-16.2,-24.2,-20.2,0,81852
1/2/2014,26766.94,-22.2,-27,-24.6,0.4,
1/3/2014,27283.88,-18.9,-24.2,-21.55,0.2,
1/4/2014,27915.45,-8.2,-23.7,-15.95,0,
1/5/2014,29390.21,0.6,-12.5,-5.95,6.6,
1/6/2014,29225.22,6.7,-11.1,-2.2,13.4,
1/7/2014,27420.47,-11,-16.4,-13.7,0.2,
1/8/2014,26701.94,-8.4,-14.3,-11.35,,
1/9/2014,27804.19,-7.5,-11.9,-9.7,0,
1/10/2014,27768.24,-4,-13.3,-8.65,0,
1/11/2014,28581.42,7.7,-6,0.85,9.4,
1/12/2014,28445.87,5.3,0.8,3.05,0,
1/13/2014,28537.89,4.5,-1.6,1.45,0,
1/14/2014,27084.41,4.7,-0.9,1.9,4.7,
1/15/2014,27550.34,2.3,-4,-0.85,0,
1/16/2014,27617.69,0,-5.1,-2.55,0,
1/17/2014,27174.92,0.7,-4.1,-1.7,0.2,
1/18/2014,29235.81,3.1,-6.4,-1.65,0.2,
1/19/2014,26600.4,-1.6,-6.4,-4,0.5,
1/20/2014,27862.07,-6.3,-20.7,-13.5,1.1,
1/21/2014,26871.02,-18.5,-24,-21.25,0.2,
1/22/2014,26118.38,-17.4,-25.5,-21.45,0,
1/23/2014,28048.58,-17.3,-22.7,-20,0,
1/24/2014,26930.35,-9.6,-23.3,-16.45,0,
1/25/2014,29075.21,-5.1,-15.2,-10.15,0,
1/26/2014,28259.88,-12.8,-21.4,-17.1,0.2,
1/27/2014,28512.4,-6,-17.1,-11.55,3,
1/28/2014,26568.92,-10.3,-19.4,-14.85,0.2,
1/29/2014,27255.21,-9.3,-13.6,-11.45,0,
1/30/2014,27593.08,-4.1,-12.3,-8.2,0,
1/31/2014,28467.67,1.4,-5.4,-2,0,
2/1/2014,25916.32,-1,-9.4,-5.2,9.9,
2/2/2014,30580.04,-1.1,-9.7,-5.4,3.6,
2/3/2014,26462.43,-5.2,-15.4,-10.3,0.2,
2/4/2014,27430.97,-6,-17,-11.5,0,
2/5/2014,25078.96,-7.6,-15.8,-11.7,2.9,
2/6/2014,27701.34,-9,-19.3,-14.15,0,
2/7/2014,26921.71,-7.3,-11.7,-9.5,0,
2/8/2014,30391.83,-5.5,-11.9,-8.7,0,
2/9/2014,28071.82,-5.3,-12.1,-8.7,0.6,
2/10/2014,28747.21,-6.8,-15.2,-11,0.2,
2/11/2014,27137.1,-11.1,-18.4,-14.75,0,
2/12/2014,27849.08,-9.7,-22.5,-16.1,0.2,
2/13/2014,26717.4,-6.1,-18.1,-12.1,0.3,
2/14/2014,26465.54,-2.5,-6.1,-4.3,5.6,
2/15/2014,26925.69,-5.4,-12.6,-9,0,
2/16/2014,28407.73,-9.3,-16.1,-12.7,0,
2/17/2014,29276.54,-9.8,-17.2,-13.5,0.2,
2/18/2014,25903.36,-3.4,-15.3,-9.35,0.9,
2/19/2014,27442.68,1.4,-5.4,-2,0,
2/20/2014,28340.48,3.2,-4.3,-0.55,0,
2/21/2014,26309,4.5,0.3,2.4,18.4,
2/22/2014,29140.48,6.4,-1.2,2.6,0,
2/23/2014,28337.96,1.8,-4.2,-1.2,0,
2/24/2014,26757.6,-4.2,-10.6,-7.4,0.2,
2/25/2014,27505.87,-8.8,-13.1,-10.95,0,
2/26/2014,26722.02,-9.4,-14.1,-11.75,0.9,
2/27/2014,28221.5,-6.7,-14.1,-10.4,0,
2/28/2014,26303.42,-12,-17.9,-14.95,0,
3/1/2014,28867.31,-2.8,-14.1,-8.45,0.5,
3/2/2014,29385.06,-5.6,-15.5,-10.55,0.5,
3/3/2014,26950.72,-12.5,-18.3,-15.4,0,
3/4/2014,26745.52,-10.8,-17.7,-14.25,0.8,
3/5/2014,26778.85,-8.5,-17.2,-12.85,0.2,
3/6/2014,27697.45,-6.9,-19.4,-13.15,0,
3/7/2014,28785.45,0.2,-17.8,-8.8,0,
3/8/2014,26542.3,3.3,-6.2,-1.45,0,
3/9/2014,28773.77,-3.7,-11.9,-7.8,1.9,
3/10/2014,30543.07,0.7,-5.4,-2.35,4.1,
3/11/2014,26659.54,5.4,0.4,2.9,0,
3/12/2014,27309.07,1.5,-11.9,-5.2,6,
3/13/2014,27282.81,-6.9,-14.6,-10.75,0.7,
3/14/2014,26637.92,2.2,-15.9,-6.85,0,
3/15/2014,27796.83,4.7,-8.3,-1.8,0,
3/16/2014,28798.04,-8.2,-14.8,-11.5,0,
3/17/2014,26713.89,-6.5,-16.1,-11.3,0,
3/18/2014,26852.62,-2.1,-13.3,-7.7,0,
3/19/2014,28245.96,3.2,-8.9,-2.85,0.6,
3/20/2014,26233.08,3.1,-0.2,1.45,2.3,
3/21/2014,26776.7,2.6,-2.8,-0.1,0,
3/22/2014,27049.62,0.7,-3.7,-1.5,6.8,
3/23/2014,28204.99,0.2,-16.1,-7.95,0.5,
3/24/2014,28610.48,-4.6,-18.1,-11.35,0,
3/25/2014,25987.32,-0.6,-10.5,-5.55,0,
3/26/2014,27751.6,-2.5,-10.4,-6.45,0,
3/27/2014,26991.63,-1.6,-12.4,-7,0,
3/28/2014,26091.35,4.2,-2.3,0.95,12.1,
3/29/2014,27973.63,3.3,0.7,2,0,
3/30/2014,26967.19,0.7,-1.4,-0.35,9.8,
3/31/2014,28214.65,6.2,-1.5,2.35,0,
4/1/2014,25864.49,5,-2.9,1.05,0,
4/2/2014,27069.67,5,1.4,3.2,0,
4/3/2014,27310.86,3.4,-2.5,0.45,0,
4/4/2014,27552.8,7.4,-2.8,2.3,15.7,
4/5/2014,26173.4,5.1,0.4,2.75,1.1,
4/6/2014,27904.74,7.1,-1,3.05,0,
4/7/2014,27902.86,13.3,-1.4,5.95,6.5,
4/8/2014,26676.48,5.7,3,4.35,22.3,
4/9/2014,27194.84,4.9,-1.6,1.65,0,
4/10/2014,27311.6,16.3,-1.7,7.3,3,
4/11/2014,27100.58,11.9,2.8,7.35,0.2,
4/12/2014,28541.03,14.4,1.3,7.85,0,
4/13/2014,28407.24,11.6,2.7,7.15,7.6,
4/14/2014,28116.34,,,0,,
4/15/2014,27749.75,16.5,-5,5.75,8.9,
4/16/2014,24647.56,0.7,-7.2,-3.25,0,
4/17/2014,27410.16,7.7,-4.2,1.75,0,
4/18/2014,28008.47,11.2,1.5,6.35,0,
4/19/2014,27991.44,10.7,0.9,5.8,0,
4/20/2014,27795.14,14.1,-1,6.55,0,
4/21/2014,28016.1,19.4,7.2,13.3,0.3,
4/22/2014,27122.79,12.9,6.9,9.9,10.3,
4/23/2014,26943.68,11.9,2.7,7.3,0,
4/24/2014,27395.99,12.8,1.1,6.95,0,
4/25/2014,28140.92,12.2,-0.4,5.9,0,
4/26/2014,27794.43,9.1,2.9,6,10.2,
4/27/2014,28844.09,10.7,2.5,6.6,1.7,
4/28/2014,28755.76,12.3,3,7.65,0,
4/29/2014,27596.87,16.4,6,11.2,1.9,
4/30/2014,27978.2,11,5.1,8.05,31.1,
5/1/2014,27003.84,16,6.2,11.1,7.3,
5/2/2014,29423.23,13,8.3,10.65,0,
5/3/2014,27656.02,16.8,8.5,12.65,0.5,
5/4/2014,28811.22,12.1,7.5,9.8,18.4,
5/5/2014,28941.36,13.4,4.6,9,,
5/6/2014,27443.93,14.9,3,8.95,0,
5/7/2014,29006.92,15.9,2.2,9.05,0,
5/8/2014,29796.1,17.1,6.2,11.65,0,
5/9/2014,28523.91,21.1,9.5,15.3,3.1,
5/10/2014,29856.26,23.6,12.7,18.15,4.2,
5/11/2014,33117.95,21.8,11.7,16.75,0,
5/12/2014,31855.11,22.3,10.2,16.25,0,
5/13/2014,30577.57,18.5,8.7,13.6,0.3,
5/14/2014,30399.01,25.1,12.9,19,0,
5/15/2014,32128.39,28.5,17.2,22.85,0,
5/16/2014,30155.14,22.3,10.4,16.35,28,
5/17/2014,30249.15,15.4,9,12.2,10.7,
5/18/2014,31670.87,16.7,7,11.85,0,
5/19/2014,33736.06,20.6,9.6,15.1,0,
5/20/2014,33315.99,23.2,9.4,16.3,0,
5/21/2014,32696.69,24.1,11.1,17.6,,
5/22/2014,30119.44,19.1,13.5,16.3,0.2,
5/23/2014,30611.86,20.8,11,15.9,0,
5/24/2014,33432.93,21.3,11.3,16.3,0,
5/25/2014,35528.21,25.4,10.4,17.9,3.8,
5/26/2014,32136.47,22.6,16.3,19.45,3.1,
5/27/2014,28128.9,17.4,8.8,13.1,3.9,
5/28/2014,29326.22,16.2,7.8,12,0.2,
5/29/2014,31692.14,20.8,5.4,13.1,0,
5/30/2014,32169.91,22.4,12.4,17.4,1.5,
5/31/2014,31312.85,20.6,9,14.8,0,
6/1/2014,35995.95,25.1,8.7,16.9,0,
6/2/2014,35560.3,30.2,15.2,22.7,0,
6/3/2014,32067.07,28,19.3,23.65,20.9,
6/4/2014,30655.41,21.6,14.3,17.95,0,
6/5/2014,30944.91,17.1,13.5,15.3,0,
6/6/2014,29555.08,22.9,12.7,17.8,0,
6/7/2014,36278.44,27.5,14.1,20.8,0,
6/8/2014,36787.81,28.2,14.9,21.55,0,
6/9/2014,35712.55,27.6,18.9,23.25,0,
6/10/2014,34430.51,24.4,15.9,20.15,0,
6/11/2014,33659.54,24.3,13.1,18.7,8.8,
6/12/2014,29502.78,17.6,12.9,15.25,24.6,
6/13/2014,29228.31,19.8,16.7,18.25,40.1,
6/14/2014,30144.18,19.8,14.5,17.15,1.6,
6/15/2014,31979.23,23.5,13.1,18.3,0,
6/16/2014,33068.49,24.4,11.5,17.95,0,
6/17/2014,32867.43,27.4,12.8,20.1,22.7,
6/18/2014,31655.92,25.2,16.4,20.8,1.2,
6/19/2014,33714.92,24,13.1,18.55,0,
6/20/2014,32465.62,21.1,11,16.05,0,
6/21/2014,34170.9,22.2,9.7,15.95,0,
6/22/2014,34858.72,24,10.8,17.4,0,
6/23/2014,35560.79,26.9,13.2,20.05,0,
6/24/2014,31099.7,21.7,19,20.35,43.5,
6/25/2014,30480.15,24.1,18.3,21.2,0,
6/26/2014,31153.13,26.7,16.5,21.6,0,
6/27/2014,35539.21,28.6,14.6,21.6,0,
6/28/2014,35632.45,29.4,15.5,22.45,0,
6/29/2014,37031.52,30.8,19.1,24.95,0,
6/30/2014,35738.9,29.8,22.7,26.25,0,
7/1/2014,38055.64,33.2,21.8,27.5,0,
7/2/2014,37826.03,29.9,21.1,25.5,0,
7/3/2014,34590.39,24.5,19.1,21.8,0,
7/4/2014,34400.78,23.3,15.1,19.2,3,
7/5/2014,36490.06,27.5,13.7,20.6,0,
7/6/2014,37878.42,27.1,18.9,23,0,
7/7/2014,35143.72,23.2,19.3,21.25,8.9,
7/8/2014,31727.34,30.3,19.1,24.7,6.3,
7/9/2014,34662.24,23.5,18,20.75,0,
7/10/2014,35230.11,22.9,14.5,18.7,0,
7/11/2014,38058.39,25.1,13.2,19.15,0,
7/12/2014,37803.29,27.6,16.9,22.25,0,
7/13/2014,34549.05,23.8,18.9,21.35,9.8,
7/14/2014,32006.96,24.1,18.1,21.1,0,
7/15/2014,34198.99,22.2,17.8,20,2.1,
7/16/2014,32336.51,24.1,17.5,20.8,0,
7/17/2014,35616.71,23.2,14.4,18.8,0,
7/18/2014,37198.79,26.1,15,20.55,0,
7/19/2014,35143.35,27.5,16.5,22,0,
7/20/2014,39853.99,27.9,18.3,23.1,0,
7/21/2014,40698.65,29.2,20.6,24.9,0,
7/22/2014,40260.57,29.7,21.3,25.5,0,
7/23/2014,33722.17,26.3,17.5,21.9,11.2,
7/24/2014,34323.56,22.7,13.9,18.3,0,
7/25/2014,35239.3,25.6,15.5,20.55,0,
7/26/2014,35646.03,26,16.2,21.1,0,
7/27/2014,33037.36,24.9,17.7,21.3,9.1,
7/28/2014,31075.31,18.6,13.7,16.15,8.2,
7/29/2014,31196.16,21.4,11.3,16.35,0,
7/30/2014,32473.45,24,13.7,18.85,0.5,
7/31/2014,32193.27,21.9,14.5,18.2,12.3,
8/1/2014,30259.12,26,15.1,20.55,0,
8/2/2014,34637.83,27.9,15.4,21.65,0,
8/3/2014,35102.34,27.7,16.2,21.95,0,
8/4/2014,35240.37,27.8,18.4,23.1,0,
8/5/2014,34951.31,25.3,17.6,21.45,1.1,
8/6/2014,36336.16,25.5,13.5,19.5,0,
8/7/2014,35672.86,23.2,14.7,18.95,5.3,
8/8/2014,34880.7,26.9,14.3,20.6,0.2,
8/9/2014,36679.06,28.6,15,21.8,0,
8/10/2014,38344.71,28.6,17.6,23.1,0.2,
8/11/2014,37545.24,29.7,18.2,23.95,0,
8/12/2014,34424.03,27.6,18.9,23.25,1.7,
8/13/2014,31352.42,21.1,16.2,18.65,42.3,
8/14/2014,30359.7,17.4,12.1,14.75,0,
8/15/2014,30706.01,17.7,12.3,15,4,
8/16/2014,31561.97,18.8,14.4,16.6,11.8,
8/17/2014,30336.4,22.7,14.6,18.65,0,
8/18/2014,31318.12,21.8,10.9,16.35,0,
8/19/2014,31665.08,23.5,11,17.25,0.2,
8/20/2014,32334.31,27.2,14.2,20.7,0,
8/21/2014,31647.09,23.1,17.6,20.35,0,
8/22/2014,34204.81,23.6,16.7,20.15,0,
8/23/2014,34092.36,26.2,15.7,20.95,0,
8/24/2014,36623.4,27.9,14.4,21.15,0,
8/25/2014,36144.72,28.7,18,23.35,0,
8/26/2014,36118.84,28.7,17.4,23.05,0,
8/27/2014,35682.68,25.6,17.5,21.55,0,
8/28/2014,34208.48,22.4,12.8,17.6,0,
8/29/2014,34175.02,22.5,10.8,16.65,0,
8/30/2014,34306.55,27,16.3,21.65,0,
8/31/2014,32158.55,25.5,20.1,22.8,9.8,
9/1/2014,32232.43,25.9,19.1,22.5,0,
9/2/2014,33837.76,29,18.5,23.75,3.3,
9/3/2014,31970.86,25.3,18.1,21.7,0,
9/4/2014,34907.36,27.8,16.6,22.2,0,
9/5/2014,34669.49,30.5,19.2,24.85,2,
9/6/2014,32589.44,23.5,10.5,17,3.7,
9/7/2014,31912.94,22,10.6,16.3,0,
9/8/2014,32135.62,24.6,11.4,18,0,
9/9/2014,32858.99,23.1,13.8,18.45,0,
9/10/2014,32228.86,24.9,13.5,19.2,0,
9/11/2014,30110.14,25.2,9.6,17.4,5.3,
9/12/2014,31927.6,14.4,7.7,11.05,0,
9/13/2014,30885.9,12.8,6.9,9.85,18.1,
9/14/2014,30714.68,11,4.6,7.8,0,
9/15/2014,30959.92,18.2,4.8,11.5,0,
9/16/2014,30337.44,18.4,10.5,14.45,0,
9/17/2014,29551.23,17.3,8.9,13.1,1.4,
9/18/2014,30056.12,,8.6,4.3,,
9/19/2014,31198.19,,,0,,
9/20/2014,31497.77,19.6,9,14.3,0,
9/21/2014,30164.13,22.9,14.2,18.55,5.2,
9/22/2014,30082.69,14.2,7.4,10.8,0,
9/23/2014,27895.98,17.4,7.8,12.6,0.9,
9/24/2014,28305.57,22.2,7.5,14.85,0,
9/25/2014,30845.5,22.8,10.7,16.75,0,
9/26/2014,30667.43,25.4,12.9,19.15,0,
9/27/2014,32808.64,25.7,14,19.85,0,
9/28/2014,32707.97,25.1,15.5,20.3,0,
9/29/2014,31019.8,17.9,9.1,13.5,0,
9/30/2014,30150,17.7,9.5,13.6,0,
10/1/2014,31523.5,16.8,10.5,13.65,,
10/2/2014,30849.3,20.6,9,14.8,0,
10/3/2014,30088.42,23.1,9.2,16.15,0,
10/4/2014,29305.54,16.5,10.1,13.3,21.6,
10/5/2014,30418.91,13.9,8.1,11,0,
10/6/2014,29663.74,16.2,7.6,11.9,0,
10/7/2014,27552.72,18.5,12,15.25,3,
10/8/2014,27932.16,17.3,9.1,13.2,19,
10/9/2014,27704.65,12.3,5.6,8.95,0.3,
10/10/2014,27803.62,11.9,4.6,8.25,0.2,
10/11/2014,28468.36,13.1,2.6,7.85,0,
10/12/2014,29058.31,13.3,1.9,7.6,0,
10/13/2014,29058.31,18,3.3,10.65,0,
10/14/2014,30235.73,24.8,13.7,19.25,0,
10/15/2014,25164.95,23.5,17.7,20.6,4.5,
10/16/2014,28068.2,21.9,15,18.45,6.4,
10/17/2014,27041.58,18,14,16,0.2,
10/18/2014,28363.32,17,5.4,11.2,1.4,
10/19/2014,28500.38,7.3,2.9,5.1,0,
10/20/2014,27478.49,7,1.2,4.1,0.6,
10/21/2014,26916.48,7.8,6,6.9,2.1,
10/22/2014,27396.52,12.7,6.3,9.5,0,
10/23/2014,27068.1,9,7.2,8.1,5.1,
10/24/2014,28610.09,11.8,7.1,9.45,0.9,
10/25/2014,27744.24,13.3,6.1,9.7,3.1,
10/26/2014,27666.43,11.2,7.3,9.25,0.7,
10/27/2014,27943.05,11.2,5.9,8.55,0,
10/28/2014,27040.53,13.9,7,10.45,5.2,
10/29/2014,28631.97,14.4,8.9,11.65,0.2,
10/30/2014,26990.99,9.9,2.1,6,,
10/31/2014,27489.34,7.7,1.5,4.6,0,
11/1/2014,27110.64,6.7,2,4.35,0,
11/2/2014,28157.74,7.9,-0.3,3.8,0,
11/3/2014,27402.27,6.7,-1.3,2.7,0,
11/4/2014,27388.34,11.6,4.5,8.05,2.2,
11/5/2014,28281.89,12.3,6.6,9.45,1.7,
11/6/2014,25589.92,8.6,3.1,5.85,2.7,
11/7/2014,26952.73,5.4,-0.2,2.6,1.2,
11/8/2014,28223.59,4.4,-1.9,1.25,0.2,
11/9/2014,27760.4,6.6,2.7,4.65,0,
11/10/2014,27169.22,7.3,4.2,5.75,0,
11/11/2014,27464.08,12.7,0.6,6.65,0,
11/12/2014,27003.42,8.5,2.1,5.3,3.6,
11/13/2014,26887.1,4.8,-1,1.9,0,
11/14/2014,26783.32,2,-3.8,-0.9,,
11/15/2014,27492.07,1.8,-5.4,-1.8,0.2,
11/16/2014,29585.7,3.6,-0.7,1.45,0.9,
11/17/2014,27408.5,1.7,-0.2,0.75,12.8,
11/18/2014,26047.08,1.8,-4.5,-1.35,0.7,
11/19/2014,26601.04,-1.5,-7.2,-4.35,0,
11/20/2014,25556.41,0.4,-5.1,-2.35,0.2,
11/21/2014,27271.71,-4.4,-7.1,-5.75,0,
11/22/2014,28502.78,3.3,-6.5,-1.6,3.5,
11/23/2014,27323.83,8.1,3.2,5.65,0,
11/24/2014,26678.32,,5.8,2.9,,
11/25/2014,28574.57,,,0,,
11/26/2014,23577.49,,,0,,
11/27/2014,26534.42,,,0,,
11/28/2014,25300.09,,,0,,
11/29/2014,29124.41,,,0,,
11/30/2014,27634.26,,,0,,
12/1/2014,26608.01,,,0,,
12/2/2014,25480.65,,,0,,
12/3/2014,24920,,,0,,
12/4/2014,24536.28,,,0,,
12/5/2014,21832.3,,,0,,
12/6/2014,20509.96,,,0,,
12/7/2014,22866.33,,,0,,
12/8/2014,21524.86,,,0,,
12/9/2014,19106.79,,,0,,
12/10/2014,17638.49,,,0,,
12/11/2014,17813.76,0.4,-3.7,-1.65,4.7,
12/12/2014,15501.98,,-4.2,-2.1,,
12/13/2014,16489.88,-1.6,-5.3,-3.45,0,
12/14/2014,15490.69,-1,-4.5,-2.75,0,
12/15/2014,14292.35,0,-2,-1,0,
12/16/2014,19952.48,1,-1.3,-0.15,0,
12/17/2014,23325.55,1,-0.2,0.4,1.5,
12/18/2014,26504.14,0.4,-2.5,-1.05,,
12/19/2014,27409.67,-2.4,-10.7,-6.55,0.2,
12/20/2014,26784.66,-7.4,-14.7,-11.05,0,
12/21/2014,27757.35,-7,-10.2,-8.6,0,
12/22/2014,28873.03,-5,-8.1,-6.55,0,
12/23/2014,26779.66,3.3,-5.2,-0.95,4.8,
12/24/2014,28168.93,6.3,2.8,4.55,25.5,
12/25/2014,25508.5,8.2,3.8,6,1.1,
12/26/2014,25359.32,4.8,2.3,3.55,0,
12/27/2014,28889.62,7.5,1.5,4.5,0.2,
12/28/2014,25494.6,8.4,-2,3.2,1.4,
12/29/2014,27396.4,-0.5,-11.3,-5.9,0.4,
12/30/2014,26436.31,-10.6,-14.7,-12.65,0.2,
12/31/2014,28608.7,-6.1,-14.6,-10.35,0,
1/1/2015,24988.87,-2.9,-7.4,-5.15,0.3,84431
1/2/2015,23955.92,-3.3,-16,-9.65,0.2,
1/3/2015,28526.26,-7.7,-17.5,-12.6,12.3,
1/4/2015,25669.35,3.6,-7.8,-2.1,25.3,
1/5/2015,29354.61,-5.1,-17.8,-11.45,0,
1/6/2015,25609.12,-8.2,-19,-13.6,2,
1/7/2015,28318.74,-8.9,-26,-17.45,2.7,
1/8/2015,24229.06,-7.1,-26.7,-16.9,0.7,
1/9/2015,26437.67,-5.9,-13.3,-9.6,1.2,
1/10/2015,27517.95,-8.4,-13.1,-10.75,0,
1/11/2015,27475.05,-4.2,-11.3,-7.75,0,
1/12/2015,27593.12,-1.9,-16.7,-9.3,3.2,
1/13/2015,27176.09,-16.7,-23.8,-20.25,0.4,
1/14/2015,26168.32,-14.4,-23.8,-19.1,0,
1/15/2015,26846.25,-4.4,-20.4,-12.4,0,
1/16/2015,26418.86,-2.4,-20.3,-11.35,0.6,
1/17/2015,27477.17,-14.6,-23.5,-19.05,0,
1/18/2015,29336.6,2.7,-15.1,-6.2,3.7,
1/19/2015,27038.03,1.4,-13.4,-6,1.6,
1/20/2015,27187.33,-13.4,-18.2,-15.8,0,
1/21/2015,27080.37,-9.6,-20.7,-15.15,0,
1/22/2015,27284.89,-9.1,-18.3,-13.7,0,
1/23/2015,27147.77,-0.2,-11.2,-5.7,0,
1/24/2015,28164.53,-0.4,-3,-1.7,0,
1/25/2015,28717.71,-1.7,-18.3,-10,0.2,
1/26/2015,27523.54,-14.3,-22.2,-18.25,0,
1/27/2015,28510.12,-9.5,-15.7,-12.6,0,
1/28/2015,27656.61,-8.3,-15.4,-11.85,0,
1/29/2015,26895.95,-0.7,-15.5,-8.1,1.5,
1/30/2015,28739.34,-2.1,-19.1,-10.6,3.9,
1/31/2015,26864.18,-14.6,-22.5,-18.55,0.2,
2/1/2015,28720.22,-13.9,-19.8,-16.85,0,
2/2/2015,27374.55,-17.2,-22.4,-19.8,2.3,
2/3/2015,27178.34,-7.3,-22.8,-15.05,0.9,
2/4/2015,27438.69,-3.9,-9.3,-6.6,3.4,
2/5/2015,26031.48,-7.1,-21,-14.05,0.2,
2/6/2015,26714.35,-9.3,-24,-16.65,1,
2/7/2015,29480.32,-12.5,-18.7,-15.6,0,
2/8/2015,27555.58,-13.6,-18.4,-16,2.9,
2/9/2015,28720.22,-11.5,-15.3,-13.4,0.7,
2/10/2015,27087.22,-7.1,-14.3,-10.7,0.2,
2/11/2015,25855.06,-10.8,-16.6,-13.7,0.7,
2/12/2015,28517.96,-7.6,-18.2,-12.9,2.1,
2/13/2015,26906.67,-18.1,-24,-21.05,0.2,
2/14/2015,29229.28,-13.6,-21,-17.3,0,
2/15/2015,28795.39,-14,-21.8,-17.9,0,
2/16/2015,28262.73,-16.3,-23.7,-20,0,
2/17/2015,28664.39,-12.8,-24,-18.4,0,
2/18/2015,27118.14,-6.9,-20.6,-13.75,0,
2/19/2015,28215.49,-8.2,-18.4,-13.3,2,
2/20/2015,27440.91,-14.2,-19.5,-16.85,0.9,
2/21/2015,29364.33,-7.5,-17.8,-12.65,2.7,
2/22/2015,28864.66,-3.3,-11.3,-7.3,0.4,
2/23/2015,27338.43,-11,-22.8,-16.9,0.2,
2/24/2015,27601.72,-8.7,-24,-16.35,0,
2/25/2015,28200.3,-4.7,-17.8,-11.25,0.2,
2/26/2015,28964.99,-11.8,-20.6,-16.2,0,
2/27/2015,26908.21,-9.2,-20.6,-14.9,0,
2/28/2015,30016.05,-5.4,-16,-10.7,0,
3/1/2015,28747.31,-3,-16,-9.5,0,
3/2/2015,28485.31,-2.9,-12.4,-7.65,0,
3/3/2015,28100.99,-3.6,-17.5,-10.55,2.5,
3/4/2015,29310.92,2.2,-5.8,-1.8,0.2,
3/5/2015,26173.77,-5.8,-18.3,-12.05,0.7,
3/6/2015,29153.58,-6.6,-20,-13.3,0.2,
3/7/2015,28486.72,-1.9,-13.5,-7.7,0,
3/8/2015,29541.76,-0.2,-5.8,-3,0.2,
3/9/2015,28041.31,2.8,-3.5,-0.35,1,
3/10/2015,28404.06,7.5,-3.6,1.95,0,
3/11/2015,28999.51,7.9,-0.5,3.7,0,
3/12/2015,29211.38,-0.5,-9,-4.75,0,
3/13/2015,28787.58,-1.9,-9.3,-5.6,0.2,
3/14/2015,28958.29,0.6,-3,-1.2,5.9,
3/15/2015,29051.84,0.1,-7.1,-3.5,0.7,
3/16/2015,28220.6,2.8,-10.7,-3.95,0.2,
3/17/2015,28903.34,1.5,-8.2,-3.35,1.2,
3/18/2015,27240.52,-5.4,-12.7,-9.05,0.2,
3/19/2015,28703.9,-1.8,-14.1,-7.95,0.2,
3/20/2015,28479.6,3.1,-9,-2.95,0,
3/21/2015,28255.3,2,-10.3,-4.15,5.5,
3/22/2015,30345.74,-9,-15.7,-12.35,0.2,
3/23/2015,29162.38,-6,-15.9,-10.95,0.2,
3/24/2015,29102.26,-0.2,-12.2,-6.2,0,
3/25/2015,27479.97,6.7,-7.7,-0.5,0.2,
3/26/2015,27658.84,5.5,1.2,3.35,1.3,
3/27/2015,28164.44,2.3,-5.4,-1.55,2.6,
3/28/2015,28110.34,-2.2,-9.4,-5.8,0.2,
3/29/2015,29520.81,3.5,-9.1,-2.8,0,
3/30/2015,29399.32,4.1,-1,1.55,1,
3/31/2015,27851.34,2.2,-5.4,-1.6,0,
4/1/2015,27626.74,2,-6.8,-2.4,0.2,
4/2/2015,29725.99,10.5,-2.4,4.05,2.1,
4/3/2015,28674.59,12.9,5.6,9.25,4.2,
4/4/2015,31047.79,5.7,-4.8,0.45,6.4,
4/5/2015,30668.65,0.7,-4.9,-2.1,0,
4/6/2015,30480.18,2.9,-6,-1.55,0.4,
4/7/2015,30378.7,5.7,-3.6,1.05,0.2,
4/8/2015,29137.3,5.9,-2.2,1.85,2.7,
4/9/2015,29262.71,7.2,0.3,3.75,5.6,
4/10/2015,27901.75,11.9,3.2,7.55,10.9,
4/11/2015,29873.09,8.4,2.7,5.55,0,
4/12/2015,30499.14,16.9,2.7,9.8,0,
4/13/2015,29166.58,,2.8,1.4,,
4/14/2015,28554.21,,,0,,
4/15/2015,26002.1,14,1.7,7.85,0.2,
4/16/2015,30284.13,16.2,0.6,8.4,0,
4/17/2015,29181.54,18.9,8.8,13.85,0,
4/18/2015,30661.35,10.1,1.8,5.95,0,
4/19/2015,26512.56,12.2,0.5,6.35,0.2,
4/20/2015,28841.64,10.1,5.2,7.65,10.5,
4/21/2015,28053.26,12.2,3.5,7.85,16.5,
4/22/2015,28285.25,9.4,3.4,6.4,2.7,
4/23/2015,25468.99,6.4,1.9,4.15,1.3,
4/24/2015,28173.67,4.3,0.6,2.45,0,
4/25/2015,29558.59,11.3,0.7,6,0,
4/26/2015,29358.89,12.3,1.7,7,0,
4/27/2015,29220.27,14.6,5,9.8,0.7,
4/28/2015,29103.42,19.3,3.7,11.5,0,
4/29/2015,29785.4,17,6.5,11.75,0,
4/30/2015,28928.42,16.7,6.3,11.5,0,
5/1/2015,28287.4,19.2,7.8,13.5,0,
5/2/2015,34837.7,23.4,7.5,15.45,0.2,
5/3/2015,36035.74,25,11.3,18.15,0.2,
5/4/2015,34439.42,28.3,12.6,20.45,0.8,
5/5/2015,30817.34,20.4,8.8,14.6,0.2,
5/6/2015,32047.2,24.5,7.5,16,0,
5/7/2015,33994.36,26.9,11.5,19.2,0,
5/8/2015,34599.57,29.8,13.4,21.6,0,
5/9/2015,35764.62,28,13.6,20.8,8.5,
5/10/2015,33589.1,24.9,13.8,19.35,1,
5/11/2015,30594.39,14.5,8.1,11.3,17.9,
5/12/2015,28515.41,23.3,8.5,15.9,9.1,
5/13/2015,31646.96,16.8,5.4,11.1,0,
5/14/2015,32794.58,18.6,3.8,11.2,0.2,
5/15/2015,31678.14,21.5,8.3,14.9,0,
5/16/2015,32769.35,20.8,14.3,17.55,0,
5/17/2015,35414.27,24.2,14.1,19.15,0.5,
5/18/2015,37737.17,29.1,12.3,20.7,9,
5/19/2015,30747.43,26.7,12.1,19.4,0,
5/20/2015,32088.2,15.4,6.8,11.1,0,
5/21/2015,32130.18,20,8.9,14.45,0,
5/22/2015,31319.45,13.1,3.5,8.3,0.2,
5/23/2015,33730.04,17,2.2,9.6,0,
5/24/2015,35854.91,25.5,12.9,19.2,0.2,
5/25/2015,32078.5,20.6,15.6,18.1,23.5,
5/26/2015,30979.5,28.1,15.2,21.65,0,
5/27/2015,33732.66,27.7,19.9,23.8,0,
5/28/2015,32077.7,22.5,12.5,17.5,4.7,
5/29/2015,32749.9,25.2,10.4,17.8,0.2,
5/30/2015,34807.22,30.4,11.3,20.85,4.2,
5/31/2015,31131.76,15,8.5,11.75,1.2,
6/1/2015,29785.51,14,9.3,11.65,1.8,
6/2/2015,30262.58,13.1,5.3,9.2,1.3,
6/3/2015,31300.67,17.6,3.8,10.7,0,
6/4/2015,33490.42,24.3,9.7,17,0,
6/5/2015,32679.15,24.5,14.2,19.35,,
6/6/2015,30588.06,19.9,8.7,14.3,0,
6/7/2015,33281.37,21.8,7.4,14.6,0,
6/8/2015,31064.68,22.1,14.3,18.2,26,
6/9/2015,31209.25,22.6,15.8,19.2,7.7,
6/10/2015,28365.5,24.3,15.8,20.05,2.4,
6/11/2015,29699.87,22.8,16.4,19.6,0,
6/12/2015,31096.66,20.8,13.1,16.95,10.6,
6/13/2015,32506.57,26,12.7,19.35,0,
6/14/2015,32981.78,23.6,12.4,18,0,
6/15/2015,32396.98,22.2,16.7,19.45,0,
6/16/2015,30218.44,22.7,13.2,17.95,24.1,
6/17/2015,30565.3,21.8,10.9,16.35,0,
6/18/2015,30675.7,26.9,14.5,20.7,3.6,
6/19/2015,31541.32,20.6,11.2,15.9,0,
6/20/2015,32987.27,24.5,9.5,17,0,
6/21/2015,32779.45,24.7,18.7,21.7,19.4,
6/22/2015,32519.04,26.5,17.2,21.85,6.6,
6/23/2015,30648.73,27,17,22,1.4,
6/24/2015,32955.25,23.7,12.9,18.3,2.9,
6/25/2015,31425.33,22.4,11.5,16.95,0.2,
6/26/2015,34596.61,23.7,11.6,17.65,0,
6/27/2015,34910.25,24.2,13.4,18.8,0,
6/28/2015,31284.52,19.4,13,16.2,11.5,
6/29/2015,29764.26,19.3,12.4,15.85,0,
6/30/2015,30891.15,25.5,14.5,20,2.8,
7/1/2015,29045.18,22.4,15.5,18.95,9.2,
7/2/2015,30148.19,22.7,13.4,18.05,0,
7/3/2015,31689.1,24.1,13.4,18.75,0,
7/4/2015,31874.06,24.6,14.2,19.4,0,
7/5/2015,34964.54,26.7,15.9,21.3,0,
7/6/2015,32769.58,28.2,17.1,22.65,0,
7/7/2015,30286.54,29.9,19.9,24.9,1.2,
7/8/2015,31155.44,23.2,14.7,18.95,0.5,
7/9/2015,32402.61,23.1,15.5,19.3,0,
7/10/2015,33347.95,28.4,15.7,22.05,0,
7/11/2015,33351.41,28.4,18.2,23.3,0,
7/12/2015,35096.05,29.7,20.5,25.1,0,
7/13/2015,34230.79,30.3,19.9,25.1,0,
7/14/2015,32246.17,28.7,15.7,22.2,0,
7/15/2015,35812.95,22.7,13.1,17.9,0,
7/16/2015,33954.83,23.4,9.4,16.4,0.5,
7/17/2015,30558.07,24.5,13.5,19,5,
7/18/2015,31523.23,25.3,18.1,21.7,1.7,
7/19/2015,30826.8,28.6,20,24.3,41.2,
7/20/2015,29381.54,27.4,19.6,23.5,0,
7/21/2015,29213.84,25.1,15.8,20.45,30.5,
7/22/2015,27843.18,22,14.3,18.15,0.2,
7/23/2015,28841.25,24.5,15.8,20.15,0.5,
7/24/2015,30624.87,23.7,16,19.85,1.1,
7/25/2015,30627.12,26.1,14.6,20.35,3.4,
7/26/2015,30580.77,27.3,19,23.15,0,
7/27/2015,31593.03,29.6,19.3,24.45,1,
7/28/2015,29674.07,30.6,17.6,24.1,0.2,
7/29/2015,30197.59,31.9,22.3,27.1,0,
7/30/2015,31566.24,28.6,21.1,24.85,4,
7/31/2015,32633.43,26.5,18.8,22.65,0,
8/1/2015,34002.03,25.3,15.7,20.5,7.2,
8/2/2015,30707.06,27.5,15.2,21.35,0.2,
8/3/2015,32464.95,25.8,18.5,22.15,0.2,
8/4/2015,34621.95,26,17.9,21.95,3.2,
8/5/2015,36752.5,23.7,16.1,19.9,0.2,
8/6/2015,36484.87,22.9,14.1,18.5,0,
8/7/2015,38373.88,22,11.7,16.85,0.3,
8/8/2015,36366.69,23.9,13,18.45,0.2,
8/9/2015,35039.69,25.8,15.5,20.65,0.5,
8/10/2015,35028.71,27.3,15.5,21.4,26.8,
8/11/2015,30174.51,20.9,17.5,19.2,45.5,
8/12/2015,28177.98,23.1,16.2,19.65,1.7,
8/13/2015,30896.12,22.8,16.4,19.6,0,
8/14/2015,35659.17,24.7,14.6,19.65,3.7,
8/15/2015,32989.82,27.8,19.8,23.8,0.5,
8/16/2015,35634.73,29.1,20.4,24.75,0,
8/17/2015,35397.77,31.2,20.4,25.8,0,
8/18/2015,37711.2,31.1,21.5,26.3,4.6,
8/19/2015,35855.73,30.8,21,25.9,0.2,
8/20/2015,36497.59,30.3,19.3,24.8,8.6,
8/21/2015,35064.28,25.9,17.9,21.9,5.5,
8/22/2015,33919.43,25.3,15.4,20.35,0,
8/23/2015,35787.97,27.7,15.9,21.8,0,
8/24/2015,35016.01,28.2,17.6,22.9,0,
8/25/2015,33840.79,26.2,14.4,20.3,1.1,
8/26/2015,35037.24,22.7,15.7,19.2,0,
8/27/2015,32878.93,22.7,14.1,18.4,0,
8/28/2015,35448.09,22.8,13.3,18.05,0,
8/29/2015,36367.61,23.8,13.5,18.65,0.3,
8/30/2015,37803.17,25.6,18.1,21.85,0,
8/31/2015,35696.22,25.3,17.1,21.2,0,
9/1/2015,37458.87,27.4,13.5,20.45,0,
9/2/2015,35297.22,26.1,19.4,22.75,0,
9/3/2015,35716.83,28.1,16.5,22.3,0.2,
9/4/2015,38243.55,26,13,19.5,0,
9/5/2015,38096.83,28.5,12.3,20.4,0.3,
9/6/2015,37965.82,30.9,18.2,24.55,0,
9/7/2015,38374.7,31.8,21.7,26.75,15.5,
9/8/2015,34948.34,28,20.3,24.15,0,
9/9/2015,31768.57,27.7,17.4,22.55,0,
9/10/2015,31796.34,24,15.8,19.9,1.2,
9/11/2015,32371.2,24.9,13.8,19.35,0,
9/12/2015,31170.75,19.2,14.8,17,10.4,
9/13/2015,29612.78,21.1,14.7,17.9,29.8,
9/14/2015,29481.67,20.8,14.5,17.65,5.6,
9/15/2015,32991.23,26,14.5,20.25,0,
9/16/2015,30975.92,27.9,16.1,22,0,
9/17/2015,32304.8,28.1,16.6,22.35,0,
9/18/2015,32644.74,28.5,15.2,21.85,0.8,
9/19/2015,33562.03,28.2,13.9,21.05,10.1,
9/20/2015,33831.12,18.2,8.5,13.35,0.2,
9/21/2015,31729.45,20.8,7.2,14,0,
9/22/2015,31325.74,22.7,10.5,16.6,0,
9/23/2015,31745.6,23.8,12.6,18.2,0,
9/24/2015,33340.25,19.3,12.6,15.95,0,
9/25/2015,31233.31,15.2,6.6,10.9,0,
9/26/2015,31869.96,18,5.6,11.8,0,
9/27/2015,32149.88,23.1,5.2,14.15,0,
9/28/2015,30504.15,21.4,13,17.2,0.6,
9/29/2015,29482.77,24.9,13.3,19.1,29.3,
9/30/2015,29280.86,13.4,6.2,9.8,3.7,
10/1/2015,28970.97,14.3,4.4,9.35,0,
10/2/2015,29383.91,12.8,4.1,8.45,0,
10/3/2015,31922.66,13,4.3,8.65,0,
10/4/2015,31843.19,15.4,4.1,9.75,0,
10/5/2015,29180.88,15.9,5,10.45,0.2,
10/6/2015,29415.64,15.3,11.1,13.2,0,
10/7/2015,28960.42,18.8,4.5,11.65,0,
10/8/2015,29750.64,12.4,3.8,8.1,0.4,
10/9/2015,28951.54,8.8,5.5,7.15,6.1,
10/10/2015,29176.64,10.2,2.1,6.15,0.3,84431
